peak_id,sequence,length,score_max,score_sum,category
HNRNPC_K562_IDR::chr9:120760580-120760630(-),UUUUGAGACAGAGUCUUGCUCUAUCCCCAGGCUGGAGUGCAGUGGCGUGA,50,3.1406869571460767,-0.07717279649509085,canonical
HNRNPC_K562_IDR::chr11:47468630-47468680(-),GCCAAAUUGGUUUUGCUAGAACGACUGCUGAAGGGGAAAUAUUUAAACUU,50,3.1532606263869947,7.711759112903433,canonical
HNRNPC_K562_IDR::chr12:131933162-131933212(+),GGAAUGACAGGCACUCCACCAUGCCUGGCUAAAUUUUUUUUUUUUUUUUU,50,25.77691782848356,347.2397138181616,canonical
HNRNPC_K562_IDR::chr11:125639345-125639395(+),CUGUUCUCCUAAAUCACGUUUUUAUAAUACUUUUCUCUUUUUUUUUUUUU,50,25.77691782848356,292.09918230864173,canonical
HNRNPC_K562_IDR::chr6:149730890-149730940(-),UUUGAGACAGCGUCUCACUCUGACAUGCAGGCUGGACUGCAGUGGCAUGA,50,0.7554264533461251,-7.44518994134309,discrepant
HNRNPC_K562_IDR::chr22:16615236-16615286(+),AAGUAGCUGGGAUUACAGGUGUGUAUUACCAUGCCCAGCUAAUUUUUGUA,50,25.77691782848356,40.10241439181517,canonical
HNRNPC_K562_IDR::chr1:167967682-167967732(+),UUCUCUCCUGAUUGUCUUAAAUUUCCUGUAUCUUUUUUUUUUUUUUUUUU,50,25.77691782848356,374.4571981727541,canonical
HNRNPC_K562_IDR::chr3:138683256-138683306(-),UCUUGGCUCACUGAAACCUCCACCUCCCAGGCCCAAGUGAUCAUCCUACC,50,1.373866568766526,6.780528877777606,discrepant
HNRNPC_K562_IDR::chr14:81220502-81220552(-),GGGUUGCCCCCUCUUGUUUGUGUUGUGUGUGGAAAUGGCGAACUCGGCAA,50,1.5230788885876072,-0.27165884879171026,intermediate
HNRNPC_K562_IDR::chr6:7162807-7162857(+),AGACUGCUCCCCUUUAUUUUAUUUUAUUUUAUUUUUAUUUUUUUAUUUUU,50,25.77691782848356,245.59053575143432,canonical
HNRNPC_K562_IDR::chr11:66622194-66622244(+),CGUGAGCCACCGUGCUUGGCUAGUUUCUUUUCUUUUUUUCUUUUUUUUUU,50,25.77691782848356,275.21160357044147,canonical
HNRNPC_K562_IDR::chr2:28800192-28800242(+),CACCUGCAUUGGUUUUCUUUUUCUUUUUUCUUUCUUUUUUUUUUUUUUUU,50,25.77691782848356,444.180315230237,canonical
HNRNPC_K562_IDR::chr3:197674804-197674854(-),GUCAGCCGUCGGCAGGUUGAUGGGUCCAGAGUCUGUGGUGACAGAUAAUU,50,0.7333745891281916,-12.562107691304513,discrepant
HNRNPC_K562_IDR::chr1:20777195-20777245(-),CCUGGGGUUCUGUGUUUUAUAGUAGCUACUCAGAGACAUGCUGUGAAGGA,50,5.400142970289521,4.979022906062988,canonical
HNRNPC_K562_IDR::chr4:39707164-39707214(+),CUCCCAAAGUGCUGGGCUUACAUGUGUGAGCCACCCCACCUGGAGUUUUU,50,25.77691782848356,35.957154003317264,canonical
HNRNPC_K562_IDR::chr21:43760137-43760187(+),CAGGUGGAAGGAGGUGGGAAUCUUGGAUUUUUUGUUUUUUUUUGUUUUUU,50,25.77691782848356,248.645825025596,canonical
HNRNPC_K562_IDR::chr3:19953371-19953421(+),AAAAACAAAAAGGAAUUUGCAUCCAAAUUUCUGUUAAUCCUUUUUUUUUU,50,25.77691782848356,171.11224139826908,canonical
HNRNPC_K562_IDR::chr19:34431212-34431262(+),CUUUACUUUACUUUUCCUAUCAUUUUCUUUUCUUUUUUUUUUUUUUUUUU,50,25.77691782848356,423.9499477815173,canonical
HNRNPC_K562_IDR::chr7:105059951-105060001(+),AGCUGAAUAUUGAUUUUCUUGUUGUUGUUUUUUUUUUUUUUUUUUUUUUU,50,25.77691782848356,509.2157413674319,canonical
HNRNPC_K562_IDR::chr7:74192638-74192688(+),CUGAUCAUACCUAACAUUGCUUUAUGUGACUUUUUUUUUUUUCUUUUUUU,50,25.77691782848356,309.73927897618614,canonical
HNRNPC_K562_IDR::chr17:57996470-57996520(-),ACUGAGAGCAAAGGCUGUUUUUUUUUUUUUUUUUUUUAAGACAGUGUCUU,50,25.77691782848356,417.27691497332756,canonical
HNRNPC_K562_IDR::chr17:57996449-57996499(-),UUUUUUUUUUUUUUUUAAGACAGUGUCUUGCACUGUCACCUGGGCUGGAG,50,25.77691782848356,312.7931580468031,canonical
HNRNPC_K562_IDR::chr11:2981354-2981404(-),GCUCUGUUGUCCAGGCUGGAGUUCAGUGGCGCAGUCAUAGGUCACUGCAG,50,0.2264122261566532,-10.72953462556959,discrepant
HNRNPC_K562_IDR::chr12:120198376-120198426(-),ACAACAUAAGAUUGUUGAAGGAUUUUUUUUUUUUUUUUUUGGAGACAGAG,50,25.77691782848356,364.5198482825997,canonical
HNRNPC_K562_IDR::chr12:120198317-120198367(-),GUCGCCCAGGCUGGAGUGCAGUGGCACAAUCUCCCGGCUCACUGCAAGCU,50,0.9429951473220992,-4.297022879614895,discrepant
HNRNPC_K562_IDR::chr12:120198358-120198408(-),AGGAUUUUUUUUUUUUUUUUUUGGAGACAGAGUCUUGCUGUGUCGCCCAG,50,25.77691782848356,366.8839944750877,canonical
HNRNPC_K562_IDR::chr7:75424891-75424941(-),GUCACCCAGGCUGGAGUUCAGUGGCUCGAUUUUGGCUAACCGUAACCUCU,50,6.508407988848709,9.134755218134519,canonical
HNRNPC_K562_IDR::chr16:89813367-89813417(-),UUUUUUUUAACAGACAGGGUCUCACUCUGUUGCCUGGACUGGAGAGCCGU,50,25.77691782848356,103.81629965817945,canonical
HNRNPC_K562_IDR::chr2:151798628-151798678(-),UUGUCGUCCAGGCUGGAGUGCAGUGGCGCGAUCUCGGCUCACUGCAACCU,50,0.5834939722976951,-12.373483281762937,discrepant
HNRNPC_K562_IDR::chr2:135061987-135062037(+),AUUAGUCUAUUUGACUAUCCUUAUGUCAAUACCAUAUUGUCUUUUUCUUU,50,25.77691782848356,49.42288740042334,canonical
HNRNPC_K562_IDR::chr7:139366949-139366999(+),UCACACUUAUUGCCUUUAUUAUUAUUUAUUUUUAUUUUUUAUUUUUUGGA,50,25.77691782848356,207.197358770797,canonical
HNRNPC_K562_IDR::chr1:20744022-20744072(-),GUUGUUUUGAGACGGAGUCUUGCUCAGGUGCCCCGGAGUGCAGUGGUGCA,50,3.1406869571460767,2.913886355237011,canonical
HNRNPC_K562_IDR::chr16:88661768-88661818(-),GAGUGGCUGGGCCAUUUUGCAUCCCUACGGUGAUGCAGAUUUUCCGCAUC,50,6.508407988848709,23.829128453391387,canonical
HNRNPC_K562_IDR::chr16:88661680-88661730(-),GCCGCGUCCUGGUAGGGAUGUGCUGGCAGGGUGCUGUGGUCCUCAUUCGC,50,0.4078597069449365,-10.685845434988838,discrepant
HNRNPC_K562_IDR::chr1:32171190-32171240(+),ACAAAGGAGGACUAAGGUAAUCAAUUUGCACCUUUUUUUAUUUUUAUUUU,50,25.77691782848356,149.7851830603561,canonical
HNRNPC_K562_IDR::chr21:33524330-33524380(-),GAUGGGGUUUCACCAUGUUGCCAAGGCCAGUCUGAAAUCCUGGGCUCAAG,50,1.3494824448403715,-0.5110777052344295,discrepant
HNRNPC_K562_IDR::chr11:86038271-86038321(-),UCGGAUGGAGUCUCGCUCUGUUGCCCAGGUUGGAGUGCUAUGGCUGUGAU,50,1.1028672887165545,-10.64047872205981,discrepant
HNRNPC_K562_IDR::chr17:57996445-57996495(-),UUUUUUUUUUUUAAGACAGUGUCUUGCACUGUCACCUGGGCUGGAGUGCA,50,25.77691782848356,208.7056353857079,canonical
HNRNPC_K562_IDR::chr7:135675884-135675934(+),UUUGACUUUUCCUAGCAGCGUGAUCAUGGGCAAGUGGCUUUUUUUUUUUU,50,25.77691782848356,219.79067400669862,canonical
HNRNPC_K562_IDR::chr12:76048045-76048095(-),UUUUCCUUGAAGAACCAAAGUAUUUUUUCAGCUGGUUGUUGAAUAGGGUU,50,25.77691782848356,70.72083123383915,canonical
HNRNPC_K562_IDR::chr22:20950384-20950434(+),UGGGGGUUUUUUUUUGUUUUGUUUUGUUUGUUUUGUUUUGUUUUUUUGAG,50,25.77691782848356,258.9006237435939,canonical
HNRNPC_K562_IDR::chr22:20950372-20950422(+),AUUAGACUUGUGUGGGGGUUUUUUUUUGUUUUGUUUUGUUUGUUUUGUUU,50,25.77691782848356,163.16588583275117,canonical
HNRNPC_K562_IDR::chr22:20950345-20950395(+),UUUGGUUUGGUUUUGGAAAACUAAUUAAUUAGACUUGUGUGGGGGUUUUU,50,25.77691782848356,31.110168195283528,canonical
HNRNPC_K562_IDR::chr22:20950407-20950457(+),UUGUUUGUUUUGUUUUGUUUUUUUGAGACGGUGUCUCGCUGCAUCACCCA,50,25.77691782848356,105.26647704931239,canonical
HNRNPC_K562_IDR::chr6:99419093-99419143(-),UCUCGCUCUGGCACCCAGGCUGGUGGAGGGCAGUGGUGCUAUCUCAGCUC,50,2.411206872245301,-4.705292302491608,intermediate
HNRNPC_K562_IDR::chr4:70910748-70910798(+),AGACAACUGUUGUUUGUAUUUAGGGAUAAAGUUCUGAAUCUUUUUUUUUU,50,25.77691782848356,163.7665608702778,canonical
HNRNPC_K562_IDR::chr7:105057416-105057466(+),UGUUUCAUCUGUCUUUGAGUUGUUUUUUUUGUUUGUUUUUGUUUUGAUAC,50,25.77691782848356,161.79393599648273,canonical
HNRNPC_K562_IDR::chr7:105057400-105057450(+),AAAGUUUUGCCAAUCUUGUUUCAUCUGUCUUUGAGUUGUUUUUUUUGUUU,50,25.77691782848356,128.1929522174782,canonical
HNRNPC_K562_IDR::chr10:133404092-133404142(+),ACUGAGUUGUUUCUUUCCUUAUUGCUAAGUUUUAAUCUUUUUUUUUUUUU,50,25.77691782848356,263.87788872660803,canonical
HNRNPC_K562_IDR::chr3:194453208-194453258(-),UGCACAGGCCUGAGUGCAGUGGCUCAACUUACCCUCCUGUCUCAGCCUCC,50,1.3906437293420284,3.212281938487461,discrepant
HNRNPC_K562_IDR::chr1:21701305-21701355(-),CUCGCACUGUUGCCUGUGCUGGAGUGCAAUGGCACUAUCUCAGCUCACCA,50,0.9246005142745328,-2.731201049461399,discrepant
HNRNPC_K562_IDR::chr20:50909302-50909352(-),ACUCUUGUCGCCCACAGGCUGGAGUGCAGUGGUGCAAUUUCGGCUCACCA,50,2.0621950546295498,-0.744991343993789,intermediate
HNRNPC_K562_IDR::chrX:77902997-77903047(+),CCAUCUUGUGUAGCUGUUUUUUUUGUUUUUGUUUUUUUUUUUUUUUAAGA,50,25.77691782848356,439.50592245188994,canonical
HNRNPC_K562_IDR::chrX:77903023-77903073(+),UUUUGUUUUUUUUUUUUUUUAAGAAGAAGUCUUGCUGUGUCCCCCAGGCU,50,25.77691782848356,298.989072653655,canonical
HNRNPC_K562_IDR::chr17:76735383-76735433(-),UUUGUUUGGAUACAGCCCUUUUUUUUUUCUUUUUUUUUCUUCCCCUUACC,50,25.77691782848356,326.0982270315675,canonical
HNRNPC_K562_IDR::chr17:76735337-76735387(-),UACCUUUCUUCACCUUGGUUAUUUGGCCAGGAAUACGUAAAUUCAAACUU,50,3.1532606263869947,15.91375862399699,canonical
HNRNPC_K562_IDR::chr11:66666871-66666921(+),UCACAUAAAAGAGCAAAUUGCUGUGGCUUUGCUUUUUAAUUUUUUUUUUU,50,25.77691782848356,229.22864525211872,canonical
HNRNPC_K562_IDR::chr1:168013709-168013759(+),AUUAGCUCCCAAACUAAAACCACAAACUUCUCUUGAUUAUUAUUAUUAUU,50,2.124947175267283,15.6404173987749,intermediate
HNRNPC_K562_IDR::chr22:20570718-20570768(+),UCUUUUCUUUUCUUUCUUUCUUUCUUUCUUUUUUUUUUUUUUUUUUUUUU,50,25.77691782848356,528.9823688044007,canonical
HNRNPC_K562_IDR::chr2:151450548-151450598(+),UGUCAAAUGUGUCUUUAAAAACACCAUCCUGAGCAAUAAUUCUUUCUUUU,50,5.219350226861187,23.327072746433906,canonical
HNRNPC_K562_IDR::chr11:65501190-65501240(+),GAUGUGUAACUGAGGCGGGGGGGAGUUUUCAGUAUUUUUUUUUGUGGGGG,50,25.77691782848356,143.87338122483914,canonical
HNRNPC_K562_IDR::chr20:63196060-63196110(-),AGAUCUGUUGCCCACUGAACAGCCACCCGUCCCUCACUGUCCUGGUGUCC,50,2.411206872245301,5.286495706084809,intermediate
HNRNPC_K562_IDR::chr11:34460416-34460466(+),UUCAGAAGGCAGCAUGGGAGUGGGCGGUACUUUUUUUUUUUUUUUUUUUU,50,25.77691782848356,412.0356668603159,canonical
HNRNPC_K562_IDR::chr15:41300907-41300957(+),GUCUUUGUGUCUUAUGAAACCUCAAGUCAAAAUGAGACCGCAUUUAAUUA,50,2.103697267460648,5.678158432550741,intermediate
HNRNPC_K562_IDR::chr19:11105908-11105958(+),UUUUGUUGUUUGUUGUUUUUGUUUUUGUUUUUGUUUUGAGACGGAGUCUC,50,25.77691782848356,114.93989223678876,canonical
HNRNPC_K562_IDR::chr19:11105879-11105929(+),AAAUCACUGUUUGGAAGGUGCUGGUUGUUUUUUGUUGUUUGUUGUUUUUG,50,25.77691782848356,91.34499221108376,canonical
HNRNPC_K562_IDR::chr1:1478010-1478060(+),UUUUAUUUUGAGACAGAGUGUCACUCUGUCCCCCAGUCUGGCGUGCAAUG,50,6.508407988848709,21.019009264138965,canonical
HNRNPC_K562_IDR::chr1:1477989-1478039(+),CACCACGCCUGGCCUAUUUUAUUUUAUUUUGAGACAGAGUGUCACUCUGU,50,6.508407988848709,53.94055775023766,canonical
HNRNPC_K562_IDR::chr1:1477974-1478024(+),AUUACAGGCACGCGCCACCACGCCUGGCCUAUUUUAUUUUAUUUUGAGAC,50,6.508407988848709,57.55897926673905,canonical
HNRNPC_K562_IDR::chr1:113099199-113099249(+),GCCCGGAUUAUAGGUAUGAGCCACUGAACUUGGCUGGUUUUUUUCUUUUU,50,25.77691782848356,117.6515761192862,canonical
HNRNPC_K562_IDR::chr2:167919528-167919578(-),CACCCAGGCUGGGGUGCAGUGAUGCAAUCCACUGCAGCCUCCACCUCCUG,50,2.411206872245301,6.8003240289057745,intermediate
HNRNPC_K562_IDR::chr12:56639737-56639787(-),UUCUUUUUUUUUUUUUUUGAGAUGAGUCUCACUGUGUCUCCCAAGCUGGA,50,25.77691782848356,292.58147966923383,canonical
HNRNPC_K562_IDR::chr12:56639759-56639809(-),CUUUGGAAUGCAAUAUUUUUCUUUCUUUUUUUUUUUUUUUGAGAUGAGUC,50,25.77691782848356,343.2113453564352,canonical
HNRNPC_K562_IDR::chr12:56639720-56639770(-),UGAGAUGAGUCUCACUGUGUCUCCCAAGCUGGAGUGCAGUGGUGCCAUCU,50,0.550776475228045,-5.994508906087164,discrepant
HNRNPC_K562_IDR::chr7:100681247-100681297(-),UGUUAUUUUGGGGCAGUGGGGACACAGGCCCCGUGGACCUGUCCUGCCUG,50,6.508407988848709,12.355119664900188,canonical
HNRNPC_K562_IDR::chr1:3889660-3889710(-),UUUUUUUUUUCCUUGGAGACAGAGUUUCUCUCUUGUCGCCCAGGCUGGAG,50,25.77691782848356,163.54063773923963,canonical
HNRNPC_K562_IDR::chr13:110902010-110902060(-),UUUUUUUUUUUCUAAAAAGAGACAGAGUCUCCCUUUGUCGUCCAGGCUAA,50,25.77691782848356,185.29793600635048,canonical
HNRNPC_K562_IDR::chr1:203802678-203802728(+),AUCCUUUAACUCUCAAGUUCAUCUUUAAAUGAACUCUUUUUUUUUGUUUU,50,25.77691782848356,154.6533761601553,canonical
HNRNPC_K562_IDR::chr3:43703998-43704048(+),CUGGUUGGCAUUUUGGGGUUACUUUCUUUAUUUUCUUUUUUUUUUUUUUU,50,25.77691782848356,332.1753926665129,canonical
HNRNPC_K562_IDR::chr7:44578797-44578847(-),UCGCCCAGGCUGGAGUGCAAUGGCGUGAUCUCAGCUCACUGGCAACAUCU,50,0.9429951473220992,-6.747019087060237,discrepant
HNRNPC_K562_IDR::chr12:132772499-132772549(-),UUUUUUGAGACAGAGUCUCGCUUUGUUGCCCAGGCUGGAGUGCAGUGGCA,50,25.77691782848356,53.230500894651115,canonical
HNRNPC_K562_IDR::chr2:112663316-112663366(+),CAUUAUGUUUUAAUGUUGUCUCUGAAGAUGACUUGUGAUUUUUUUUUCUU,50,25.77691782848356,150.12081731522684,canonical
HNRNPC_K562_IDR::chr7:148864632-148864682(-),AGACAGUCUCACUGUGAUUGCCCAGGCUGGAGUGCAGUGGCACAAUCUUG,50,1.1028672887165545,-5.0019135087547415,discrepant
HNRNPC_K562_IDR::chr5:134371505-134371555(+),AUCCACAGUGAUUCGGCCGCCGCGCCGGGGGGUGGGGGGGCUGCGCGGGA,50,0.5324651371700581,-9.623421717089995,discrepant
HNRNPC_K562_IDR::chr20:35738225-35738275(-),UUUCUUGUGAGUCGGAGUCUUGCUCUGUAGCCCAGGCUGGAGCGCAGUGG,50,2.1325773837313062,-3.5054047324879356,intermediate
HNRNPC_K562_IDR::chr15:41280474-41280524(+),GUUACGGAAGUGCCUAAUAUCCCAGUCCAAAUUUUUUUUUUUUUUUUUUU,50,25.77691782848356,395.8328465459835,canonical
HNRNPC_K562_IDR::chr1:112670324-112670374(+),UUCUGUUACUGCUAUAUCUACGUGUAAAUCUUUUUUUCUUUUUUUUUUUU,50,25.77691782848356,304.27602647083216,canonical
HNRNPC_K562_IDR::chr5:39056568-39056618(-),GUCAUCCAGGCUGGAGGGCAGUGGCAUGAUCAUGGCUCGCUGCAGCCUCG,50,0.8261671446123503,-8.911125582248717,discrepant
HNRNPC_K562_IDR::chr11:9580421-9580471(+),AUCAAAUGAGGGACUGAUAAAUGCAUUUCUUUCUUUCUUUCUUUUUUUUU,50,25.77691782848356,157.79533096533513,canonical
HNRNPC_K562_IDR::chr9:92289138-92289188(-),GUCAUCCAGGCUGGAGGGCAGUGGUGCAAUCUCUGCUCACUGCUACCUCU,50,0.8261671446123503,-3.8674318764986557,discrepant
HNRNPC_K562_IDR::chr1:28506205-28506255(+),UUUUUUUUUUUGAGACGGAGUCGGUUUGUCACUCAGGCUGGACUGCAGUG,50,25.77691782848356,174.3072783569243,canonical
HNRNPC_K562_IDR::chr11:86035908-86035958(-),UUUUUUUUUUUGAGGCAGAGUCUCGCUCUGUAGGCCAGGCUGGAGUGCAG,50,25.77691782848356,175.07399711344533,canonical
HNRNPC_K562_IDR::chr1:235128238-235128288(-),UUCAUCUUUUUAAACCUCUACUCUUAACUAAAAAGUCGUGCAUUUUUGUC,50,25.77691782848356,79.50280019772414,canonical
HNRNPC_K562_IDR::chr21:39302705-39302755(-),UAAGACGGAGUCUCACUCUGUCACCUAGGAGUGAGUGCAGUGGUGUGACC,50,1.3480296252546853,-8.68704462644528,discrepant
HNRNPC_K562_IDR::chr21:39302747-39302797(-),AUGAGCCACCAUGCCUGGCCUUACUUUUUUUUUUUUUUUUUUUAAGACGG,50,25.77691782848356,405.76690144131743,canonical
HNRNPC_K562_IDR::chr13:19709116-19709166(-),UUUUUUUUGAGGCAGGACCUCACUCUGUUGCCCAGGCUGGAGUACAGUGG,50,25.77691782848356,103.51601734656042,canonical
HNRNPC_K562_IDR::chr11:27495374-27495424(-),CUCGGCUCACUUCAGCCUCCGCCACCUCAAGGCAGUUCAAGCAAUUCUCC,50,1.373866568766526,5.534542373773722,discrepant
HNRNPC_K562_IDR::chr9:130748370-130748420(+),GACACACCUGACUCUAAUAUAAGAGUUGAAUGUUGUAUCACUUUUUUUUU,50,25.77691782848356,137.7462773380018,canonical
HNRNPC_K562_IDR::chr6:17664995-17665045(-),AGUCUCACUCUGUCUCCAGGGGUGGAGUGCAAUGGCAUGGUCUCAGCUCA,50,0.6039709800847445,-7.598127290581867,discrepant
HNRNPC_K562_IDR::chrX:154741616-154741666(-),UCUUGCUCUGUUGCCCAGGCUAGAGUGCAGUGACAUGACCUCGGCUCACG,50,1.1028672887165545,-3.4042245652624175,discrepant
HNRNPC_K562_IDR::chr5:82277134-82277184(-),UUUUUUGAGACAGUCUAGCUCUGUCACCCAGGCUGGUGUGCAGUAGCGCA,50,25.77691782848356,51.725046623922076,canonical
HNRNPC_K562_IDR::chr3:49966880-49966930(+),GAACACUGGUGUGCUUGUUCCUACUGGUGAUUUACAACCAGUGUUUCUUC,50,2.1325773837313062,8.404473176822448,intermediate
HNRNPC_K562_IDR::chr11:65428915-65428965(+),UUAUGGGCACAUUUGCUUUUGGAAGAUUUCUUUUGUAUGCAUGGGAUAAG,50,5.219350226861187,24.19450095663475,canonical
HNRNPC_K562_IDR::chr11:65428894-65428944(+),UAAUCUUACCAGUAACAAUUGUUAUGGGCACAUUUGCUUUUGGAAGAUUU,50,5.219350226861187,13.634639182034485,canonical
HNRNPC_K562_IDR::chr9:130876366-130876416(+),CUUUGUUUUUAUUUACCAGUUUUUAAAAUAACAAAUUACUUUUUCUUUUU,50,25.77691782848356,161.2308579927409,canonical
HNRNPC_K562_IDR::chr19:28534137-28534187(-),UAAUAAUUUUUUUUUUUUUUUUUAGACAGAGUCUUGCUCUGUCGGCCAGG,50,25.77691782848356,345.8725195446702,canonical
HNRNPC_K562_IDR::chr19:28534157-28534207(-),CUGCCUUCUUUUGGGUUAUUUAAUAAUUUUUUUUUUUUUUUUUAGACAGA,50,25.77691782848356,370.6586250905348,canonical
HNRNPC_K562_IDR::chr1:110364462-110364512(+),UUAAACAAUGACAAGUUCCCCCCUGAAAUCUAAAUGCUUUUUUUUUUUUU,50,25.77691782848356,243.03118871941356,canonical
HNRNPC_K562_IDR::chr17:32374179-32374229(+),GUGAGCCACCGCGCCUGGCCAAAAUCUGCAUUCUUUUUUUUUUUUUUUUU,50,25.77691782848356,347.695333536975,canonical
HNRNPC_K562_IDR::chr3:10095841-10095891(+),UCCUCUGGUUCUAAAUUUAUAAGGUCCUGAACAGUGAUUUUUUUUUUUUU,50,25.77691782848356,240.5762936043253,canonical
HNRNPC_K562_IDR::chr7:105541098-105541148(+),AAGUGCUGGGAUUACAGGUGUGAGUCACCGCACCCAGCUUGCAUUUUUUU,50,25.77691782848356,87.64707434394643,canonical
HNRNPC_K562_IDR::chr1:213193242-213193292(+),UGUUUCUUUUUUGAUUUUCUUUUUUCUUUUUUCUGAGUCAGAGACUCGCU,50,25.77691782848356,211.71634053242406,canonical
HNRNPC_K562_IDR::chr22:22552074-22552124(-),UUUUAAUAGAGAUGAGGUCUCCUUGUGUUGCCCAGGCUGGUCUUGAACUC,50,5.400142970289521,4.313044596706171,canonical
HNRNPC_K562_IDR::chr11:28096114-28096164(-),UUGCUGUGUUGCCCAGGCUGGAGUGCGCUGGUGCAAUCACAGCUCACUGC,50,1.1028672887165545,-4.717404943650671,discrepant
HNRNPC_K562_IDR::chr11:28096145-28096195(-),UUUUUUUUUUUUUUUUUUUUUUGAUGAAGUCUUGCUGUGUUGCCCAGGCU,50,25.77691782848356,466.9165272083686,canonical
HNRNPC_K562_IDR::chr1:37584381-37584431(-),UCUGUCACCCAGGCUGGAGCAGUAGCCUGCUCAUGGCUCACUGCAGCCUC,50,2.411206872245301,0.6705237089174074,intermediate
HNRNPC_K562_IDR::chr1:23327967-23328017(-),UUUCUUUUUUUUUUUUUUUUUUGAGACAGAGUCUUGCUGUGUUUCUCAGG,50,25.77691782848356,377.08913194546125,canonical
HNRNPC_K562_IDR::chr1:23327985-23328035(-),UUCAGACUUCUUUUUUCUUUUCUUUUUUUUUUUUUUUUUUGAGACAGAGU,50,25.77691782848356,454.5474847004557,canonical
HNRNPC_K562_IDR::chr22:19403042-19403092(-),UCUCACUAUGUCACCCAGGCAAAAUGCAGUGGUGCAAUUACGGCUCACUG,50,2.411206872245301,-0.8232712003633347,intermediate
HNRNPC_K562_IDR::chr17:66347900-66347950(+),AAUGCUUUAUGUGUCAGAAUAUUUACUCAGAAUUCUGAACCUUUUUUUUU,50,25.77691782848356,146.35941123219504,canonical
HNRNPC_K562_IDR::chr6:33301547-33301597(-),AAUUUUUCUUUUUUUUUUUUUUUUGAGACGGAGUCUCACUCUUCCGCCCA,50,25.77691782848356,364.5179111898188,canonical
HNRNPC_K562_IDR::chr6:33301566-33301616(-),UUUCACUUAUAUAAGGGAUAAUUUUUCUUUUUUUUUUUUUUUUGAGACGG,50,25.77691782848356,364.001348595025,canonical
HNRNPC_K562_IDR::chr6:33301515-33301565(-),GUCUCACUCUUCCGCCCAGGCUGCAGUGCAGUGGCAUGAUCUUGGCUUAC,50,0.9429951473220992,0.2648790467588337,discrepant
HNRNPC_K562_IDR::chr15:88900234-88900284(-),GUAUUAUUUAUGCCCCCUCACCGCUUUUUUUUUUUUUUUUUCUGAGACAG,50,25.77691782848356,364.3383388148425,canonical
HNRNPC_K562_IDR::chr4:39704868-39704918(+),CUUUUUUUUUUUUUUUUUUUUUAGACGGAGUCUCCCUCUGUCGCCCAGGC,50,25.77691782848356,446.9920112130131,canonical
HNRNPC_K562_IDR::chr4:39704833-39704883(+),GCUUGGCCUGUCACCCCUUCUUAAAGACUAUACACCUUUUUUUUUUUUUU,50,25.77691782848356,276.80481008123877,canonical
HNRNPC_K562_IDR::chr3:196830845-196830895(+),UUGUUGAAAGAAAAAUUAUAUCUGAAUCAAGAUUCAUGUUUUUUAUUUUU,50,25.77691782848356,98.44696128502983,canonical
HNRNPC_K562_IDR::chr5:32155898-32155948(-),GUUUCACUCUUGUUGCCCGGCUGGAGUGCAGUGGCUCAAUGUUGGUUCAC,50,1.3494824448403715,-0.566337150995584,discrepant
HNRNPC_K562_IDR::chr11:66621886-66621936(+),GAUGUGUCGGAGGAAAUACAUGGUAAGUUUCUUUUUAUUUUUUUUGAGAC,50,25.77691782848356,156.33968128709614,canonical
HNRNPC_K562_IDR::chr11:9282308-9282358(-),CCAGGCUGGAGUGGAGUGCGUGGUGUGAUCUCGGCUCACUGCAAACUCCG,50,0.2148884612029914,-13.15029816585814,discrepant
HNRNPC_K562_IDR::chr8:23533696-23533746(+),UGUCUCCACUAGUACGGAACCUUUUCUUGUCAAAGAAUUUGUGUUUUUGU,50,25.77691782848356,49.85692015728621,canonical
HNRNPC_K562_IDR::chr7:138466423-138466473(+),AUUUUGGUUUGUCUUUUGCAAAUUUCAAAACUUAAGUUGCUUUUUUUUUU,50,25.77691782848356,186.88120910536725,canonical
HNRNPC_K562_IDR::chr3:19951660-19951710(+),AGUAGUUGGACCUAAGGGUGCAUGCCACCAUGCCAGGCAAGUUUUUUUUU,50,25.77691782848356,131.53897006166346,canonical
HNRNPC_K562_IDR::chr3:113810000-113810050(+),CAUUGGGAACUAUACUCUUUUUAUUUUUAUUUUUUAUUUUUUUUAUUAUU,50,25.77691782848356,284.2017131536357,canonical
HNRNPC_K562_IDR::chr19:8455705-8455755(+),GCCCCCUUACCCCACCUCAGUUUUUUUUUUUUGUUUUGUGUUUUUUUUUU,50,25.77691782848356,395.5395745731385,canonical
HNRNPC_K562_IDR::chr6:21231967-21232017(+),UUCUCACAUUUUUGAUCCAUUGGGGUUUUUUUUUUGUUUUUGUUUUUUUU,50,25.77691782848356,342.72939086126524,canonical
HNRNPC_K562_IDR::chr11:86009233-86009283(-),ACUUGCUGUGUCACCCAGGCUGGAGUGCCAUGGCAUGGUCUCGUCUCGCU,50,2.411206872245301,-5.746830286026624,intermediate
HNRNPC_K562_IDR::chr1:35921248-35921298(+),UUUCCCACUAGGGCAUGUGGGUGGGUGGCAUGGACUUUUUUUUUUUUUUU,50,25.77691782848356,285.7631087267849,canonical
HNRNPC_K562_IDR::chr22:21861359-21861409(-),UUUGCCUACUUACUUACUUUUUUUUUGAGACAGAGUUUUGCUUGGAGGCU,50,25.77691782848356,151.85696577651345,canonical
HNRNPC_K562_IDR::chr1:39560891-39560941(-),UGCUGUGGCCCAGACAGUGUUAACUUUUUUUUUAUUGUGGGUUUUGAUUU,50,25.77691782848356,150.05968654124675,canonical
HNRNPC_K562_IDR::chr1:39560849-39560899(-),UUUGAUUUUUUCCCCCAGAAAUUGGUUUUAUUUGAUGUACCCAAGUCUUA,50,25.77691782848356,87.65109962274516,canonical
HNRNPC_K562_IDR::chr16:89894613-89894663(+),CUAUUUUGAGUUGGGGGGACGUUGUGAGUGUCGACCCGGUAAUUCCCCCG,50,6.508407988848709,11.188391249120215,canonical
HNRNPC_K562_IDR::chr22:21798674-21798724(-),UUUUUUUGAGAUGGAGUCUCACUCUGUUGCCCAGGCAGAGUGCAGUAGCA,50,25.77691782848356,77.94883918666818,canonical
HNRNPC_K562_IDR::chr3:9806481-9806531(+),ACUCUGUGCUUGUAGGAUACUGUAACCUUUUUGUCUUUUUUUUUUUUUUU,50,25.77691782848356,325.0281149924212,canonical
HNRNPC_K562_IDR::chr7:140457638-140457688(-),UCUUGCUUUGUCCCCCAGGCUGGAGUGUAGCAGUGCAGUCUCGGCUCACU,50,1.5230788885876072,-1.6770758370359995,intermediate
HNRNPC_K562_IDR::chr2:61516100-61516150(-),UUUUGUUUUGUUUUUUUUUAAUUUUGCGACGGAGUUUCGCUCUGUCGCCC,50,25.77691782848356,163.0295881105005,canonical
HNRNPC_K562_IDR::chr2:61516080-61516130(-),AUUUUGCGACGGAGUUUCGCUCUGUCGCCCAGGCUGGAGUGUAGUGGCGA,50,6.508407988848709,1.0123547235943136,canonical
HNRNPC_K562_IDR::chr2:61516118-61516168(-),CAUGCAAGGUUGGUUUUGUUUUGUUUUGUUUUUUUUUAAUUUUGCGACGG,50,25.77691782848356,173.91484273043875,canonical
HNRNPC_K562_IDR::chr6:143188993-143189043(+),AAGUUAUAGAUUAUAACUGUUUGCACAACUGUUCACAUUUUUAACUUUUU,50,25.77691782848356,76.79608495820972,canonical
HNRNPC_K562_IDR::chr1:20743635-20743685(-),AUUUUUUAUUAUUAUUAUUAUUUUUGAGACAGAGUCUCGCUCUGUCGCCC,50,25.77691782848356,114.12911430496577,canonical
HNRNPC_K562_IDR::chr1:20743649-20743699(-),AACAAAUCUUUUUUAUUUUUUAUUAUUAUUAUUAUUUUUGAGACAGAGUC,50,25.77691782848356,188.9293515412263,canonical
HNRNPC_K562_IDR::chr1:20743612-20743662(-),UUGAGACAGAGUCUCGCUCUGUCGCCCAGUGUGGAGUGCAGUGGUGUGAU,50,0.9429951473220992,-9.68022308870476,discrepant
HNRNPC_K562_IDR::chr1:204405932-204405982(-),GUAACUUGGAUCUAGUUUAAUUUUUUUUUUUGCAACAUAUCCCACUCAGA,50,25.77691782848356,197.18776500537842,canonical
HNRNPC_K562_IDR::chr19:1272731-1272781(+),GUUGUGUGGGUUUUUGGUUUUUGUUUUAGUUUUUGGUUGCGUUGCCUUUU,50,25.77691782848356,111.29824110365861,canonical
HNRNPC_K562_IDR::chr19:1272782-1272832(+),UUUUUUAGUGGGGUUGGCCCCAUGAAGUGGGUGCCCCACUCACUUCUCUG,50,25.77691782848356,62.08197468460812,canonical
HNRNPC_K562_IDR::chrX:151406505-151406555(+),GCUGGGACUACGGAUGCCUGCCACCACGCCUGGCUAAUUUUUUUUUGUAU,50,25.77691782848356,142.9799669149823,canonical
HNRNPC_K562_IDR::chrX:151406553-151406603(+),AUUUUUUUGUAGAGACGGGGUUUCACCAUGUUGUCCAGGCUAAUCUUGAA,50,25.77691782848356,87.579624773315,canonical
HNRNPC_K562_IDR::chr1:29061240-29061290(+),AUUGGUCAUAUAUAUAUAAAAUUUUUAUUUUAUUUUAUUUUAUUUUUGAG,50,25.77691782848356,141.2597277967054,canonical
HNRNPC_K562_IDR::chr1:29061230-29061280(+),UAUAUUCAACAUUGGUCAUAUAUAUAUAAAAUUUUUAUUUUAUUUUAUUU,50,25.77691782848356,87.7892937588284,canonical
HNRNPC_K562_IDR::chr9:125330276-125330326(+),GGUAUCCCAACUCUGUAUUAUGUAUAUUUUGUCAAAUACACUUUUUUUUU,50,25.77691782848356,152.22003120225472,canonical
HNRNPC_K562_IDR::chr10:21597327-21597377(+),AAAGAAUCACAAACUGCAUUUUGACUCUUUGGUCUUUUUAUUUAUUUUUA,50,25.77691782848356,104.79170335708127,canonical
HNRNPC_K562_IDR::chr10:75227538-75227588(+),CAGUUUCAUGGUUUAACUCUUACUGUUAAAUAAUAGGAAUUUUUUUUUUU,50,25.77691782848356,192.789423445054,canonical
HNRNPC_K562_IDR::chr14:31004235-31004285(-),GGGUUGCACCCUGUUGCCUAGGCUGGACUGGAGUGUGGCAGUGUGAUCAU,50,2.411206872245301,-5.63794630081141,intermediate
HNRNPC_K562_IDR::chr4:55404562-55404612(+),CUACAGGUGCAUGCCACCACACCUGGCUAAUUUUAUUUAUUUUAUUUUUU,50,25.77691782848356,114.20074218472566,canonical
HNRNPC_K562_IDR::chr20:50920205-50920255(-),GAAUCUCGCUCUGUUGCCCAGGCUGGAGUGCAGUGACUGCAACCUCCGCC,50,1.1028672887165545,-2.454051499832023,discrepant
HNRNPC_K562_IDR::chr17:64500892-64500942(-),UUCAACCUCAAUGGUAUUCCUACAGGAAAUGGAUAACCAUUUUAACUGUA,50,6.508407988848709,15.562922064981622,canonical
HNRNPC_K562_IDR::chr12:56643252-56643302(-),UUAAGAAAAUGUUAAUAUUUUCAUUUUCGUGUCCCAGGGCCUACAAAGGA,50,6.508407988848709,25.698300950128914,canonical
HNRNPC_K562_IDR::chr11:61366427-61366477(+),AAUCGCUAAAGGGCUAGGAAUAACUUUUCUUUUCUUUUCUUUUCUUUUUU,50,25.77691782848356,114.63790722061528,canonical
HNRNPC_K562_IDR::chr1:29016122-29016172(+),UUUUUUGGGGUCUCUUUUCAUACUCCUUUCCCACCAUGUUCCUUCUUUUU,50,25.77691782848356,115.3575856160446,canonical
HNRNPC_K562_IDR::chr18:46093127-46093177(-),UGAUUUUUAUUUUUUAUUUUUUAUUUUUUUGAGAUAGAGUCUUGCUCUGU,50,25.77691782848356,273.8513518374768,canonical
HNRNPC_K562_IDR::chr17:82467441-82467491(+),GGCUUACUCACAAAACAUCUUAGGCCUGGUAACUUUUUUUUUAUUUUUUU,50,25.77691782848356,232.60327589377087,canonical
HNRNPC_K562_IDR::chr4:70935618-70935668(+),UUUCUCUCACUUUAGUCUUUGCUAAGUUAACCAUUAUACUCUUUUUUUUU,50,25.77691782848356,150.0623539180061,canonical
HNRNPC_K562_IDR::chr1:150647370-150647420(-),CCAGGGCUCAAGGAUCCUCCUGCCUCAGUCUCCCAACUAAGUGGGACUAC,50,0.5902447406391829,-5.045945564757714,discrepant
HNRNPC_K562_IDR::chr3:6570493-6570543(+),CAAUAUGGGAUUAUUGUCCCUUGGAAAGAACUUGUCACAGUAUUUUUUUU,50,25.77691782848356,111.01235332849456,canonical
HNRNPC_K562_IDR::chr1:44753926-44753976(+),UUCUGAGGCUCCAGUUCUUGAGGCCCCAAUUCUUUUUUUUUUUUUUUUUU,50,25.77691782848356,375.55954924705316,canonical
HNRNPC_K562_IDR::chr1:44753961-44754011(+),UUUUUUUUUUUUUUUUUUUUUUUUGCUCUGUUGCCCUGGCUGGAGUGCAG,50,25.77691782848356,518.7879202119924,canonical
HNRNPC_K562_IDR::chr1:45611428-45611478(+),AGGUUAAGGAGAAAGCCAUCGCCAUUACUUUUUUUUUUUUUUUUUUUUUU,50,25.77691782848356,470.8981904260543,canonical
HNRNPC_K562_IDR::chr17:81591366-81591416(-),AUUGCCCGGGCUGGAGUGCAGUGGUAUGAUCUCAGCUCAUCGCAGCCUCU,50,1.1028672887165545,-5.927253044733808,discrepant
HNRNPC_K562_IDR::chr22:21794744-21794794(-),AUGAGCCACCGUGCCUGGCUUUUUUUUUUUUUUUUUUUUUUUGAGACGGG,50,25.77691782848356,499.73198112285655,canonical
HNRNPC_K562_IDR::chr16:23950101-23950151(+),CCAACAGCAGCAUUGGCCCCUAUGAUUUGAAUUUUUUUUUUUUUUUUUUU,50,25.77691782848356,399.95248500826824,canonical
HNRNPC_K562_IDR::chr11:47468221-47468271(-),UUUGACCGCAGGCUGCACUUUGGGCCCCAGCCAGCCCUUUUUCUUUUUCU,50,25.77691782848356,90.97971462538669,canonical
HNRNPC_K562_IDR::chr2:187465409-187465459(-),AGGGUCCCACUCUGUCACCCAGGCUGGAGUGCAGUGGUGCAAUCACAGGA,50,2.411206872245301,-2.259127664566918,intermediate
HNRNPC_K562_IDR::chr3:45735820-45735870(+),GUAAAUCCAUUUCAUUGAACUCUUCCCAGCAUUUGAUAUUUUAAUUUUUU,50,25.77691782848356,91.23711745120744,canonical
HNRNPC_K562_IDR::chrX:71412098-71412148(+),CAUGUAUCAGUACUUCAUUCCUGGUUUUUUUUUUUUUUUUUUUUGAGACA,50,25.77691782848356,420.16424668082726,canonical
HNRNPC_K562_IDR::chr7:149003608-149003658(-),GUGUUUCACUUCAUGCUCUGAAUACUGAAUAACCAUGAAUGACUGAAUAG,50,1.3494824448403715,1.9409853802081491,discrepant
HNRNPC_K562_IDR::chr19:11146407-11146457(-),UCUUUUUCUCCUGAUUUUCGGCCUCAGCUCCUAGAGUGGCCUCAGCUAGG,50,25.77691782848356,48.93672360264047,canonical
HNRNPC_K562_IDR::chr6:98871026-98871076(-),UGAGUCUCAUUCUUUUGCCCAGGCUGGAGUGCAGUGGCACAAUCUCAGUU,50,5.219350226861187,11.405155805490141,canonical
HNRNPC_K562_IDR::chrX:73852259-73852309(-),AUUCUUUUUUAUUCGCCCAUCGGGGCCGCGGAUACCUGCUUUUUAUUUUU,50,25.77691782848356,147.89904550504332,canonical
HNRNPC_K562_IDR::chr7:105027073-105027123(+),CUUUUUUUUUUUUUUUUUUUUUUUUGGAGACAGGGUCUUGCUCUGUCACC,50,25.77691782848356,520.3404264663696,canonical
HNRNPC_K562_IDR::chr7:105027040-105027090(+),AUAUAAAAUCCCUUUGCAGAAAGGCCCCGCCCUCUUUUUUUUUUUUUUUU,50,25.77691782848356,327.7570835538028,canonical
HNRNPC_K562_IDR::chr9:131193605-131193655(+),GAAAUGAUAUUCUUCUUCCUUUUCUUUUUUUUUUUUUUUUUUUUUUUUUU,50,25.77691782848356,596.6351443427553,canonical
HNRNPC_K562_IDR::chr5:36183227-36183277(+),ACUGGUACAGAGAAGUGAAAAGAUUAAAUUCUACUUCUAUUUUUUUUUUU,50,25.77691782848356,190.17655841368213,canonical
HNRNPC_K562_IDR::chr12:110402130-110402180(-),AUUUUUUUGAGACAGCCUCGCUCUGUCGCCCAUGCUGGAGUUGAGUGGCG,50,25.77691782848356,83.60987467623185,canonical
HNRNPC_K562_IDR::chr19:9565253-9565303(-),ACAAUCCAACAUUUGAGAACUCACCAUGGGGCCAUACAAUGUAGAAAACA,50,1.902904041069369,3.662351886483535,intermediate
HNRNPC_K562_IDR::chr11:117168770-117168820(+),UUUUUUUAUUGGCUUAGUUGUUUUUUGUUUUGUUUUGUUUGAGAUGGAGU,50,25.77691782848356,163.21514416507702,canonical
HNRNPC_K562_IDR::chr11:65441855-65441905(+),CCUACUUUUAAGAAUGGAAGAGGGGAGGUGGAGGGUGGCUGCACAGUCGA,50,5.400142970289521,3.1437785893831944,canonical
HNRNPC_K562_IDR::chr2:167928207-167928257(-),GUCUGACCCUUCUUUCCCAGACUGAUUAGUCACCUGAGACCUGUUUUCUU,50,4.306781943586692,22.526588525648698,canonical
HNRNPC_K562_IDR::chr2:167928262-167928312(-),CUCUUCUCCCGUUUUUUUUUGUUUGUUUGUUUUUUGUUUUUUCGUCUCAG,50,25.77691782848356,262.7204138030425,canonical
HNRNPC_K562_IDR::chr2:167928182-167928232(-),UUAGUCACCUGAGACCUGUUUUCUUUUUUUUUCUAGACAGAGUCUGGCUC,50,25.77691782848356,153.09195153061455,canonical
HNRNPC_K562_IDR::chr7:26195047-26195097(-),UUUUUGAGACGGAGCCUUGCUCUGUCACCCAGGCUGGAGUGUAGUGGCGC,50,25.77691782848356,26.378999227527906,canonical
HNRNPC_K562_IDR::chr7:26195085-26195135(-),UUUUUUUUUUUUUUAAUAUGGUUUCUUUUUUUUUUUUUUUUUUGAGACGG,50,25.77691782848356,639.0352790986113,canonical
HNRNPC_K562_IDR::chr1:11909845-11909895(-),UUUCGCCUUUUACUAAAGAUUUCCGUGGAGAGGAAUAAUUCUGAGUUUUA,50,5.400142970289521,24.221227025733025,canonical
HNRNPC_K562_IDR::chr19:48752054-48752104(-),AGGGUCCCUCUCUGUCGCGCAAGCUGGAGUGCAGUCAGCGGUGCUAUCGC,50,0.6733866998888243,-10.062787290378731,discrepant
HNRNPC_K562_IDR::chr6:85620189-85620239(-),GAGUCUCGCUGUGUUACCCAGGAUGGAGUGCAGUGGCACGAUCUCGGCUU,50,1.3906437293420284,-9.240842018673773,discrepant
HNRNPC_K562_IDR::chr19:28533898-28533948(-),GCCCGCCUCUGCCUUCCAAAGUGCUGGGAUUACAGGUGCGAGCCACUGUG,50,0.9051230463624352,1.3970497273272888,discrepant
HNRNPC_K562_IDR::chr7:100680082-100680132(-),AUCAAGCUGGCCUCGGGGUGGGGGGCCCCCACCUGCCUCUCCCUGGUUCC,50,1.5230788885876072,4.741194402793406,intermediate
HNRNPC_K562_IDR::chr3:196074836-196074886(-),UUUUUUUUGAGUUGGAGUCUCACUCUGUGGCUCAGGCUGGAGUGCAGUGG,50,25.77691782848356,97.60979240115965,canonical
HNRNPC_K562_IDR::chr16:3727371-3727421(-),AUUGCUGGUGACUCAUGCCUUUUUUUAACGGGAAAAACAAGUUCAUUAUA,50,25.77691782848356,89.49771079986337,canonical
HNRNPC_K562_IDR::chr15:80099576-80099626(+),CAUUUAGAAAACGUGAAGAAUACACACUGAAUAUGGAUAUCCUUUUUUUU,50,25.77691782848356,110.114427529551,canonical
HNRNPC_K562_IDR::chr5:10435669-10435719(+),UAUAUAUAUAUAUAUAUAUAUAUAUAUAUUUUUUUUUUUUUUUUUUUUUU,50,25.77691782848356,477.86504146725326,canonical
HNRNPC_K562_IDR::chr19:28517706-28517756(-),AAUACAUAUUUUUUUUCUUUUUUUUUUUUUUUUUUUUUUUGAGACAGCGU,50,25.77691782848356,622.0246910946373,canonical
HNRNPC_K562_IDR::chr19:28517684-28517734(-),UUUUUUUUUUUUUUUUUUGAGACAGCGUCUCGCUCUGUCACCCAGGCUGG,50,25.77691782848356,362.8933276501562,canonical
HNRNPC_K562_IDR::chr1:27468854-27468904(-),UGUUGCCAGGCUGGAGUGCAGUGGCGCGAUCUCAGCCCAUUGCAACCUCC,50,0.9761058742262748,-1.9529488425227506,discrepant
HNRNPC_K562_IDR::chr2:175091816-175091866(-),UUUUGAGACGGAGUCUCACUCUAUCACCUGGGCUGAAGUACAGUGGUGCA,50,3.1406869571460767,-1.9823616593081617,canonical
HNRNPC_K562_IDR::chr3:196068579-196068629(-),UUUUUUUUUUUUUUUUUUUGAGAGGGAGUUUUGCUCUUUUGUCCAGGCUG,50,25.77691782848356,407.95883040011825,canonical
HNRNPC_K562_IDR::chr3:196068571-196068621(-),UUUUUUUUUUUGAGAGGGAGUUUUGCUCUUUUGUCCAGGCUGGAGUGCAG,50,25.77691782848356,199.35804695235242,canonical
HNRNPC_K562_IDR::chr1:1394710-1394760(-),UUUUUUUUCUUGAGACGGAGUCUUACUCUGUCAUGCAGGCUGGAGUGCAG,50,25.77691782848356,103.93327100575503,canonical
HNRNPC_K562_IDR::chr10:11884661-11884711(-),UUUUUGAGAUGGAGUCUCUGUUUCCCAGGCUGGAGUGCAAUGGCAUGAUC,50,25.77691782848356,25.274503791520377,canonical
HNRNPC_K562_IDR::chr17:36518444-36518494(-),UUUUUCCUCUGAGAUCCUCUGGCCCAGGCUGGAGUACAGUGGUGUGAUCU,50,25.77691782848356,26.150821320492856,canonical
HNRNPC_K562_IDR::chr1:222733039-222733089(+),GUAUGUUUUUCUUUUUUCUUUUUCUUUUUUUUUUUUCUUUUUUUUUUUUU,50,25.77691782848356,606.8958202002505,canonical
HNRNPC_K562_IDR::chr11:62593394-62593444(-),UUUUUCCUAAUUGGGGGUUUCUCUUUCUGUCCGGUGUCCGGACUUUCCUA,50,25.77691782848356,41.078290741355524,canonical
HNRNPC_K562_IDR::chr8:129569845-129569895(-),CAGAUUGUUCAUUGCUUGUACAAAUACAGUCAAUUUUUGUGAAUUUAUCU,50,25.77691782848356,41.746775648770836,canonical
HNRNPC_K562_IDR::chr1:145992482-145992532(-),AAAGACUAUAUUUUGUACUUAACCAGAUAUAUUUUUACCCCAGAUGGGGA,50,25.77691782848356,62.19661570956822,canonical
HNRNPC_K562_IDR::chr19:9565660-9565710(-),UUAUUUUAUUUUAUUUUAUUUUAUUUUAUUUUAUUUUAUUUGAGACAGAG,50,6.508407988848709,141.648971094288,canonical
HNRNPC_K562_IDR::chr19:9565571-9565621(-),UGAUCCCAGCUCACUGCAACCUUUGUCUCCUGGGUUCAGGCGAUUCUGCC,50,1.884838713794558,3.0263791443030743,intermediate
HNRNPC_K562_IDR::chr19:9565641-9565691(-),UUUAUUUUAUUUUAUUUUAUUUGAGACAGAGUUUUGCUGUUGUCAUCACA,50,6.508407988848709,71.4097776522993,canonical
HNRNPC_K562_IDR::chrX:41339873-41339923(+),AAUCUGUAUUAUUUCUACCAGAAGAUCACUUUGGCUUUUUUUUUUUUUUU,50,25.77691782848356,300.01899970306107,canonical
HNRNPC_K562_IDR::chr17:59837884-59837934(+),UACAGGAACUAGUGGUGAUAAAUGUGGGACUUCUGAGAAGUCAUUCAUUU,50,1.902904041069369,-6.284933352544152,intermediate
HNRNPC_K562_IDR::chr13:106543772-106543822(-),UCCACUAAGUCAAAUCCUUAUCAGAUCAUUGUUGUAUUCUAAGGAGUGAC,50,0.6796047677155604,-3.3578583124584416,discrepant
HNRNPC_K562_IDR::chr7:158772814-158772864(-),UUGGGGACAGUGUGGACUUCUGGACUUCGCCAGAACUCUUGAGUGUGAGA,50,0.7347460508170796,-8.1093125158158,discrepant
HNRNPC_K562_IDR::chr4:165342320-165342370(+),AAAAUUCUUCAUAGUGGUAUUGGCCUUAUAUUUAACUUUUUUUUUAUUUU,50,25.77691782848356,165.49224903054738,canonical
HNRNPC_K562_IDR::chr4:165342337-165342387(+),UAUUGGCCUUAUAUUUAACUUUUUUUUUAUUUUUUUUUUGAGACAAAGCC,50,25.77691782848356,321.39409987903343,canonical
HNRNPC_K562_IDR::chr21:22270832-22270882(+),CUUCUCCAGUGACGGAAGAUGUCUACUCUGGUGGAGUUGCUUUUUUUUUU,50,25.77691782848356,154.490302004394,canonical
HNRNPC_K562_IDR::chr3:150435100-150435150(+),CCGAGUAGCUGGGAUUACGGGCGCCCACCACCAUGCCUGCCUAAUUUUUG,50,25.77691782848356,44.49055715864806,canonical
HNRNPC_K562_IDR::chr5:10387634-10387684(+),UUGAGAUACAUACUACUGUCUUAUGUUCACAAAAGUUUUUUUGUUUUGUU,50,25.77691782848356,93.69183435375984,canonical
HNRNPC_K562_IDR::chr9:131157596-131157646(+),UGGAAUUACAGGCGUGCACCACCACUCCCAGCUAAUUUUUGUUUUUUGUU,50,25.77691782848356,106.68868669487439,canonical
HNRNPC_K562_IDR::chr7:152136486-152136536(-),UUCCCUUGUGGGUGGGUUUCAUUGUUUUGGUUUUCUAGUCUCACUAAGGA,50,4.306781943586692,17.35548254223397,canonical
HNRNPC_K562_IDR::chr1:12617663-12617713(-),CCUCCCUAAACUCCUCUGUCAGUCUGUAAACAUUACCUGAGAAUUCCCCA,50,1.0197679455080928,6.865230196715882,discrepant
HNRNPC_K562_IDR::chr17:30895377-30895427(+),CUCAUAUUGUACAGUUUUUUUUGUGUGCUUUUUUUUUUUUUUUUUGAGAC,50,25.77691782848356,455.19236225815007,canonical
HNRNPC_K562_IDR::chr10:124769151-124769201(-),CUGUAGCCCAGGCUGGAGUGCGGUGGUGUUAUUACAGCUCAUUGCAGCCU,50,2.124947175267283,-0.6747271775516681,intermediate
HNRNPC_K562_IDR::chr19:54460960-54461010(+),GCAGCCCCCAGCGCUGCCUUUGCGGAUUCUGUUUUUGAGCCGUGGACUUG,50,25.77691782848356,39.001198453885735,canonical
HNRNPC_K562_IDR::chrX:48913436-48913486(-),UUUGGGAAGGAAUGGAAGAUGGACACCACCGGACACCACCAGACACUAGG,50,1.6499758995725509,2.188830590247846,intermediate
HNRNPC_K562_IDR::chr19:12722475-12722525(-),CUCUGGAGAAGCCGCAGCGCGAGUUGCCGCCGCUGCUGCCCGGGGCCGGG,50,1.1028672887165545,-2.8101162722630875,discrepant
HNRNPC_K562_IDR::chr22:21839340-21839390(-),UUUUGUUUGUUUUGUUUUUGUUUUUGAGACACACUCUCACUCUGUUGCCC,50,25.77691782848356,88.81453885498317,canonical
HNRNPC_K562_IDR::chr20:58902695-58902745(+),CUGCAGUGCCUGGAGCAUCGCACAUACGACUUUUUUUUUUUUUUUUUUUU,50,25.77691782848356,415.58923451051226,canonical
HNRNPC_K562_IDR::chr12:123294594-123294644(-),UUUUUUUUUUGCUUCCACAGGUUGCACUAUUGAAAAAUCGAGAUUGUAUA,50,25.77691782848356,158.2361726033229,canonical
HNRNPC_K562_IDR::chr16:209129-209179(-),CGGAGUCUUGCUCUGUUGCCUAGGCUGGAGUGUGGUGGUCUGGUCUCAGU,50,0.6650765718586997,-10.95723213359499,discrepant
HNRNPC_K562_IDR::chr1:50785054-50785104(-),CUGGAGGACAGUAGCAAGGUCUUUGCUCGUAUAGUUUCAAGUCUUAUGUU,50,2.103697267460648,-3.4744751720550706,intermediate
HNRNPC_K562_IDR::chr22:21784627-21784677(-),UUUUUUCUGAGACGGCGUCUCACUCUGGCUGGCGCCCAGGCUAGAGUGCA,50,25.77691782848356,51.804940078578106,canonical
HNRNPC_K562_IDR::chr19:11124847-11124897(+),GGGGAUUGCAGGCAUGAGCCACCGUGCCCAGCCAAAACUUUUUUAUUUUU,50,25.77691782848356,107.1555919162294,canonical
HNRNPC_K562_IDR::chr19:11124860-11124910(+),AUGAGCCACCGUGCCCAGCCAAAACUUUUUUAUUUUUAUUUUUUUGGGAC,50,25.77691782848356,209.1735711404223,canonical
HNRNPC_K562_IDR::chr6:31836543-31836593(+),ACUUUCUAGAGAUUACUUUUUGGUUUACAUCAUUUUCCUUGUGACUAUUU,50,25.77691782848356,63.121645310702355,canonical
HNRNPC_K562_IDR::chr3:196060743-196060793(-),UGGAGUCUCGCUUUGUCACCCAGGCUGGAGUGCAGUGGCGCCAUCCCAGC,50,2.411206872245301,1.9775073274995147,intermediate
HNRNPC_K562_IDR::chr6:31835940-31835990(+),CGAUUCUCCCACCUUAGCCAAUUUUUUCCUUUUUUUUUUUUUUUUUUUGA,50,25.77691782848356,473.67297898007564,canonical
HNRNPC_K562_IDR::chr9:131192140-131192190(+),AACAGUGUUUCUGUCUUUUUGUAAUAUUCUUUUUUUUUUUUUUUUUUUUU,50,25.77691782848356,487.8611336959888,canonical
HNRNPC_K562_IDR::chr4:39458432-39458482(-),ACGGGCCUUGCGUCGGCCUCACCCCCAGUGUUUGUGUUUCAGAAUGAAGA,50,2.411206872245301,6.6300012719582835,intermediate
HNRNPC_K562_IDR::chr6:36600967-36601017(+),CCUUCUGUGCCUUUUUUUUCUUUUCUUUUUUUUCUUUUUUUUUUUUUUUU,50,25.77691782848356,570.6518631567803,canonical
HNRNPC_K562_IDR::chr10:3121779-3121829(+),GGUUAAACAAUUUCUUUUUUUUUCUUUUUUUUUUUUUUUUUUUUUUUUUU,50,25.77691782848356,725.5492016131457,canonical
HNRNPC_K562_IDR::chrX:154788106-154788156(-),UUUAAAAGUUUUUACUUACCACAAGGUCAACAAGAUAUUCUCCUGUGUUU,50,25.77691782848356,40.798675272616045,canonical
HNRNPC_K562_IDR::chr22:20110857-20110907(+),CACUGAGGCCCUCUCUGCCUUUCCUGGCCUCCGGCAACAGUUUUUUACAA,50,25.77691782848356,69.90563866756844,canonical
HNRNPC_K562_IDR::chrX:48255605-48255655(+),UACAGGCCUGUAUUAUCCCACCCCUGUUUUUUUUUUUUUUUUUUUAGUAG,50,25.77691782848356,404.88651795459793,canonical
HNRNPC_K562_IDR::chr1:44754915-44754965(+),AUGAGGGCAUGCAGGAAUCUUUACUCACCUUUGAGGGUUUUAUUAUUAUU,50,5.400142970289521,25.066390291510036,canonical
HNRNPC_K562_IDR::chr16:2754251-2754301(+),ACAUUGUGACCUAAUAUCCUUUGCUUAGCACCUACUGGUUUUUCUUUUUU,50,25.77691782848356,103.4090820766828,canonical
HNRNPC_K562_IDR::chr5:98912585-98912635(-),ACCAUGGCUCAAUCUUGGCUCACUGCAACCUCUGCCUCCUGGGUUCUAGU,50,0.5902447406391829,1.1987301684172396,discrepant
HNRNPC_K562_IDR::chr5:179622663-179622713(-),UUCUUUUGAGUUGGAGUCUCUGUCACCCAAGCUGGAGUGCAGUGGCGCGU,50,5.219350226861187,7.828143521366355,canonical
HNRNPC_K562_IDR::chr14:30975755-30975805(-),CUGGAGUGCAGUGGCACCAUCAUAGCUCACUUGUAGCCUUGAUCUCCUGG,50,1.0909406084644624,1.165202966565166,discrepant
HNRNPC_K562_IDR::chr19:3978760-3978810(-),UUUUUUUGAGACAAGAGUCUUGCUCUGUUGCUUAGGCUGGAGUGCAAUGG,50,25.77691782848356,74.66650133056272,canonical
HNRNPC_K562_IDR::chr2:43959832-43959882(-),AGACACAGUCUCACUCUGUCACCUAGGCUGGAAUGCAGUGGUGCGAACUU,50,1.3480296252546853,-5.251165048153382,discrepant
HNRNPC_K562_IDR::chr7:30630477-30630527(+),UUGAUUGGUUUGCCUUCCACAGAAUAUUUUUAUUUUCGCCUUUUUUUUUU,50,25.77691782848356,226.19955128363335,canonical
HNRNPC_K562_IDR::chr2:85544916-85544966(+),UCAGAUGGCAGCUUUUAAAAGAUUUUUUUUUUUUCUCUCAACACCAUGAU,50,25.77691782848356,233.49360247773492,canonical
HNRNPC_K562_IDR::chr10:101809692-101809742(-),UACUUUGAAUGCUUUUUUUUUCUUUUUUUUUUUUUUUGAGACAGAGUCUU,50,25.77691782848356,439.6929720050006,canonical
HNRNPC_K562_IDR::chr11:65440137-65440187(+),UUUAUGCAAAUGUCUUUUCUGCGUCUUUUGAGAUGAGUAUCAGGUUUUUU,50,25.77691782848356,75.12386830706448,canonical
HNRNPC_K562_IDR::chr17:18209222-18209272(+),GAGGGACUGGUGUCCUUCCAAGUCUAGCAUUUGGGGUAUGGAAAAUUGUU,50,1.902904041069369,-3.2289912781153074,intermediate
HNRNPC_K562_IDR::chr1:1256844-1256894(-),UUUUUUCUUGAGACGGAGUCUCGCUGUGUCUCCAGGCUGGAGUGCAGUGG,50,25.77691782848356,49.66931272145462,canonical
HNRNPC_K562_IDR::chr17:40409710-40409760(-),UUGCCCAGGCUACAGUGCAGUGACGUAAUCCUGGCUCAUUGCAAUCUCUG,50,1.1028672887165545,-2.3171280966130663,discrepant
HNRNPC_K562_IDR::chr12:76077932-76077982(-),UUGAGACAGGGUCUUGCUCUUACCCAAGCUGGAGUGCAGCGGUGUGAUCU,50,1.3906437293420284,-3.680674824397884,discrepant
HNRNPC_K562_IDR::chr17:76563745-76563795(+),AUUUUUGCUUUAUUUUAUUUUAUUUUAUUUUAUUUUAUUUUAUUUUAUUU,50,25.77691782848356,183.0545966051442,canonical
HNRNPC_K562_IDR::chr19:10922638-10922688(-),GGGCAGGGGAGGGAUGGAAAUGCCGUCACAGUAGUAGGGACUGGAGCGUC,50,0.619638186496783,-15.289203083966921,discrepant
HNRNPC_K562_IDR::chr7:155303941-155303991(+),UUUCUCAUGAUGGAGAAGAAAGGACUUUGCUUGCCUUUUUUUUUUUUUUU,50,25.77691782848356,292.9566015604436,canonical
HNRNPC_K562_IDR::chr7:155303972-155304022(+),UGCCUUUUUUUUUUUUUUUUUUUUUUGAGACAGAGCUCUGGAGUGCAGUG,50,25.77691782848356,471.6411197461329,canonical
HNRNPC_K562_IDR::chr1:29061540-29061590(+),UUACAGGCGUGAGCCACUGCGCCUGGCCUUUGUUUUUUUUUUUUUUUUUU,50,25.77691782848356,368.290994068134,canonical
HNRNPC_K562_IDR::chr5:27486328-27486378(+),UUAUUUUAAUCAUCAAAGCUGAUUGAUUUCUGUUUUUGUGUUUUUUUUUG,50,25.77691782848356,187.94041337506422,canonical
HNRNPC_K562_IDR::chrX:74588427-74588477(-),UUUUUUUGAGACAGAGUCUUACUUGGUUGCCCAGGAUGAAGUGCAAUGGA,50,25.77691782848356,77.99415166099932,canonical
HNRNPC_K562_IDR::chr2:32458668-32458718(+),UAAUACUCUAUUGCCUUUUUUUUUUUUUUUUUUUUUUUUUCUGAUACAGA,50,25.77691782848356,556.9398903995499,canonical
HNRNPC_K562_IDR::chr2:32458651-32458701(+),UUUAUUUGGCCUUUUGUUAAUACUCUAUUGCCUUUUUUUUUUUUUUUUUU,50,25.77691782848356,391.700394214953,canonical
HNRNPC_K562_IDR::chr8:123080496-123080546(+),AGCAGAGAGCUUUUCUUUUCUUUUCUUUUAUUCUUUUUUUUUUUUUUUUU,50,25.77691782848356,407.0073672308958,canonical
HNRNPC_K562_IDR::chr3:10045103-10045153(+),UGGAAGCAUAGACUCAGGUUGCCCUGAAUACACGCCCAAUGUUUUCUCUU,50,4.306781943586692,13.486531005098527,canonical
HNRNPC_K562_IDR::chr8:129503657-129503707(-),UUUUAUUUUUGAGACAGGGUCUUGCCUUGUCACCCAGGCUGGAGUGCAAU,50,25.77691782848356,49.5785773585038,canonical
HNRNPC_K562_IDR::chr2:152689748-152689798(-),GACAGAGUCUCUGUUGCCCAGGCUGGAGUGCAGUGGCUUACUGCAACCUC,50,1.1028672887165545,-3.1520867576202116,discrepant
HNRNPC_K562_IDR::chr7:2367799-2367849(+),ACGGUGAGUUUGUUCUUUUUUUAAAAUUUUUUUUUUUUUUUUUUUUUUUU,50,25.77691782848356,618.5776635473916,canonical
HNRNPC_K562_IDR::chr7:2367838-2367888(+),UUUUUUUUUUUUUUUUUUUUUGAGGCAGAGUCUUACUCUGUCUUGCAGGC,50,25.77691782848356,440.30106417078537,canonical
HNRNPC_K562_IDR::chr7:6037012-6037062(-),AGAGAUGGAGUUUUACUAUGUUGCCCAGGUUGAUCUUGAACUCCUGGGCU,50,5.400142970289521,8.361353491519283,canonical
HNRNPC_K562_IDR::chr3:196068881-196068931(-),UUUUGAGACGGAGUCUCUUGUCACCCUGGCUGGAGUGCAGUGGCGUGAUC,50,3.1406869571460767,-2.223779595500787,canonical
HNRNPC_K562_IDR::chr3:196068922-196068972(-),AGAUGGGUUUUUGUUAUUUUUCUUUUCUUUUUUUUUUUUUUUUUUGAGAC,50,25.77691782848356,464.80258366783465,canonical
HNRNPC_K562_IDR::chr20:47216437-47216487(-),GUCUUCGCUCUGUUGUCCAGACUGGAGUGCAGUUGCGUGAUCUUGGCUCA,50,0.3451986296679065,-9.535464145187001,discrepant
HNRNPC_K562_IDR::chr16:31184398-31184448(+),GAGAUGUCUUCAGCUUUGUCUGCAGCCCAUUUUCUUUUUCUUUUUUUUUU,50,25.77691782848356,223.99805696068046,canonical
HNRNPC_K562_IDR::chr4:32083229-32083279(+),ACUGUUACCAUUCACUUCAAGGAAUUUUUUAAUUUCCUUUUUUUUUUUUU,50,25.77691782848356,316.4185027329037,canonical
HNRNPC_K562_IDR::chr2:167914415-167914465(-),UUUUUUUUUUUGAGGCAGAGUCUCGUUCUGUUGCCCAGGCUGGAGUGCAG,50,25.77691782848356,178.349613257601,canonical
HNRNPC_K562_IDR::chr2:167914447-167914497(-),ACCAACCACUUUUGGCUUUUUUUUUUUUUUUUUUUUUUUUUUUGAGGCAG,50,25.77691782848356,614.9923760029077,canonical
HNRNPC_K562_IDR::chr1:167788838-167788888(+),AUCUCCCAGAGCUCGCUCUCUAGAGAAUCACCUUCUUUCGCUUUUUUUUU,50,25.77691782848356,142.92119552000935,canonical
HNRNPC_K562_IDR::chr1:167788855-167788905(+),CUCUAGAGAAUCACCUUCUUUCGCUUUUUUUUUUUUUUUUGAGGUAGAGU,50,25.77691782848356,325.12633915606307,canonical
HNRNPC_K562_IDR::chr1:204553117-204553167(+),CCACCUCAGCCUCGCAAAGUGCUGAGAUUACAGGCAUGAGCCACAGCGCC,50,1.373866568766526,1.0788667413197963,discrepant
HNRNPC_K562_IDR::chr9:131142983-131143033(+),UGGAAAGUUUGGAAAAUAGAAAAAAAAAUUAUUCAUUUUUGAGACAGGGG,50,25.77691782848356,37.905652386526015,canonical
HNRNPC_K562_IDR::chr12:94402848-94402898(-),GCGACAGAGUCUGGCUCUGUUGCCCAGCCUGGAGUGCAGUGGCGUGAUCU,50,1.1028672887165545,-6.644035486455686,discrepant
HNRNPC_K562_IDR::chr7:140461535-140461585(-),UUGGCUCACUGCACCCUCCACCUCCCAUGUUUAAACAACUGUUAUGCCUC,50,2.411206872245301,14.675873042002895,intermediate
HNRNPC_K562_IDR::chr4:78826165-78826215(+),GAGUAGUUCUCUUUCAGAAAUUUUGCAAGUUUUUAUUUUUUAUUUUUCUU,50,25.77691782848356,170.87657469054295,canonical
HNRNPC_K562_IDR::chr4:78826155-78826205(+),GUAAGUGAAGGAGUAGUUCUCUUUCAGAAAUUUUGCAAGUUUUUAUUUUU,50,25.77691782848356,87.77870754678071,canonical
HNRNPC_K562_IDR::chr15:65785055-65785105(-),CACCCAGGCUGGAGUGCAGUGGUGGCUCACUGCAACCUCCGCCUCCCAGG,50,2.411206872245301,2.0768046405419844,intermediate
HNRNPC_K562_IDR::chr7:139363947-139363997(+),AAUUGAGGGUGUGGAUUUAGAUUACAUCCUUUUUUUUUUUUUUUUUUUUU,50,25.77691782848356,444.16026825704733,canonical
HNRNPC_K562_IDR::chr3:152310968-152311018(+),CUGUUAUUUUUCUAAUGCACAGAACCAUGAGACUUUUUUUUUUUUUUUUU,50,25.77691782848356,385.51666910612954,canonical
HNRNPC_K562_IDR::chr11:65501202-65501252(+),AGGCGGGGGGGAGUUUUCAGUAUUUUUUUUUGUGGGGGUGGGGGCAAAAU,50,25.77691782848356,143.65375751952462,canonical
HNRNPC_K562_IDR::chr11:65501222-65501272(+),UAUUUUUUUUUGUGGGGGUGGGGGCAAAAUAUGUUUUCAGUUCUUUUUCC,50,25.77691782848356,188.00436261904056,canonical
HNRNPC_K562_IDR::chr11:65501229-65501279(+),UUUUGUGGGGGUGGGGGCAAAAUAUGUUUUCAGUUCUUUUUCCCUUAGGU,50,25.77691782848356,51.82544807984964,canonical
HNRNPC_K562_IDR::chr7:156674608-156674658(-),UCUGUCACCCAAACUGGAGUGCUUGGGGCCAUCAAUGCUCACUCAGCCUC,50,2.411206872245301,1.5765446185924104,intermediate
HNRNPC_K562_IDR::chr19:21454925-21454975(-),UUGUUUUGUUGUGUUAUUUAUUUAUUUUUUGAGACAGAGUCUCACUCUGU,50,25.77691782848356,90.26406732003444,canonical
HNRNPC_K562_IDR::chr9:92286308-92286358(-),GUCUCGCUCAGUUGCCCAGGCUGGAGGGCAGUGGCACAGUCUUGGCCCAC,50,1.1028672887165545,-4.0018196252673945,discrepant
HNRNPC_K562_IDR::chr19:40460925-40460975(-),UUUGAGACGGAGUUUCGCUCUUGUUGCCCAGGCUGGCGUGCAAUGGCACA,50,1.1028672887165545,-1.998935425141669,discrepant
HNRNPC_K562_IDR::chr17:32481771-32481821(+),CAUCGGAAAUGAGACUGUGGGGUGUGGUUUCUCUCUCUCUUUUUUUUUUA,50,25.77691782848356,163.14018835991956,canonical
HNRNPC_K562_IDR::chr14:30958264-30958314(-),UUUUAGAGGUAGGGUCUUGCUUGUCGCCCAGGCUGGAGGGCAGUGAUGUG,50,5.400142970289521,-3.4685689761660603,canonical
HNRNPC_K562_IDR::chr19:34401001-34401051(+),AGGUAUGAGCCACCACGCCCGGCCCAUUUUUUUUUUUUUUUUGACAACUU,50,25.77691782848356,329.085268652872,canonical
HNRNPC_K562_IDR::chr1:182855169-182855219(+),AAACCGUCAGGUUGCAAAGGAGUGAUACAUUUGUUGAUGAUUUGUUUUCU,50,4.306781943586692,8.353630302601776,canonical
HNRNPC_K562_IDR::chr6:31836643-31836693(+),AUUUUCCUUGUGACUAUUCUAUUUUUACUUUUUUAGGGGGCGGGGGGACA,50,25.77691782848356,120.28829257406947,canonical
HNRNPC_K562_IDR::chr21:33449386-33449436(-),GGGUGUUGUAGAGCCUUGGUUGUAUGAAUAAUACCAGUGGUAGUGUCCAC,50,0.7580085980230845,-4.564913125751499,discrepant
HNRNPC_K562_IDR::chr15:85093819-85093869(+),UCAGAUACCUAAACUUUAUAUUGUCAAUUCUCUUUUAGAGAUCUUUUUUU,50,25.77691782848356,105.56632932633406,canonical
HNRNPC_K562_IDR::chr10:35519777-35519827(+),UUUUUUUUUUUUUUUUUUUUUUUUGAGACAGGAUCUCUGUCCCCAGGCUG,50,25.77691782848356,516.6841328489085,canonical
HNRNPC_K562_IDR::chr10:35519755-35519805(+),UCUUCUUUUUCUUUUCUUUUCUUUUUUUUUUUUUUUUUUUUUUUUUGAGA,50,25.77691782848356,627.2233560970463,canonical
HNRNPC_K562_IDR::chr10:35519742-35519792(+),GCUUUAAAAAGUAUCUUCUUUUUCUUUUCUUUUCUUUUUUUUUUUUUUUU,50,25.77691782848356,393.6419868623978,canonical
HNRNPC_K562_IDR::chr2:20293620-20293670(-),AGUGGCACGAUCUUGGCUCACUGCAACUUCCACCCCAGGUUCAAGUGACU,50,2.411206872245301,2.9568840036949773,intermediate
HNRNPC_K562_IDR::chr3:177172183-177172233(-),GCUGGAGCGCAGUGGCGCAAUCUUGGCUCACUGCAGCCUCUGCCUCCCGG,50,0.658060421806227,-1.3783877527756359,discrepant
HNRNPC_K562_IDR::chr5:139313873-139313923(+),CAAAAGCUGGAUGUGAUUAAAGUUUUAGUUUUUGUUUUUGUUUUUGUUUU,50,25.77691782848356,111.94865293542802,canonical
HNRNPC_K562_IDR::chr7:121048512-121048562(+),UUAACGUUUUUUUUUCUUCUGUUCUUGUUUUUGUUUUGUUUUUUUGAGAC,50,25.77691782848356,270.62102879672454,canonical
HNRNPC_K562_IDR::chr7:121048534-121048584(+),UCUUGUUUUUGUUUUGUUUUUUUGAGACAAAGUCUCCCUCUGACACCCAG,50,25.77691782848356,134.88200865715166,canonical
HNRNPC_K562_IDR::chr1:6522844-6522894(-),UUUUUUUUUUUGAGACAGAGUCUAGCUCUGUCGCCCAGGCUGGGGUGCAG,50,25.77691782848356,178.23738197606045,canonical
HNRNPC_K562_IDR::chr11:70417453-70417503(+),UUGGUUUCCUUAAGUGCUGGGAUUACAGGUGUGACCUGUAAAUUUUUUUU,50,25.77691782848356,110.35454955067318,canonical
HNRNPC_K562_IDR::chr3:10101347-10101397(+),UCUUACUGGUAGGAUCCUUUUUUGUUCCUCUUUUUUUUUUUUUUUUUUUU,50,25.77691782848356,483.3981203560808,canonical
HNRNPC_K562_IDR::chr16:89592409-89592459(+),GUCUGUGUAGUUGUUGUAUUUGUAUGUUUUCUUUUUCAAUUUUUUUUUUU,50,25.77691782848356,240.96922125237714,canonical
HNRNPC_K562_IDR::chr22:20493694-20493744(-),UUUGAGACGGAGUCUCGCACUGUCAUGCAGGCUGGAAUGCAGUGGCGUGA,50,0.7554264533461251,-12.342927580236786,discrepant
HNRNPC_K562_IDR::chr15:68092134-68092184(+),GUAUGAGGCAUAAUAAUUAUUGACUAUGAGUGUUACUUAUUUUUUUUCUU,50,25.77691782848356,124.07985919170017,canonical
HNRNPC_K562_IDR::chr19:15237165-15237215(-),GUCAGAUCUGUUGAGUUGGUUUUUUUGGUUUUGGUUUUUGUUUUUGUUUU,50,25.77691782848356,155.70080290574427,canonical
HNRNPC_K562_IDR::chr11:65428239-65428289(+),AAGAAUAGCAAAAGUUGAACUUCUUUUAAAAAGGAAAGUACCCUGAGAGC,50,5.400142970289521,14.094111778389118,canonical
HNRNPC_K562_IDR::chr9:37188106-37188156(+),GAUAACUAUUGUCCUGUAAGUCCUUGAGGUUUUUUAUUUUUAUUUUUAUU,50,25.77691782848356,153.75246336414355,canonical
HNRNPC_K562_IDR::chr8:23548441-23548491(+),UGCUGGGAUUACAGGCGUGAGCCACCACGUCCGGGCUUUUUUUUUUUUUU,50,25.77691782848356,260.03234501863716,canonical
HNRNPC_K562_IDR::chr1:193088132-193088182(+),CACUGGUGUGCACUGCACUACCACGCCUGCUUUUUUUUUUUUUUUUUUUU,50,25.77691782848356,420.5775970980683,canonical
HNRNPC_K562_IDR::chr1:193088146-193088196(+),GCACUACCACGCCUGCUUUUUUUUUUUUUUUUUUUUUUUUUUUUUUUAAG,50,25.77691782848356,712.6700644632346,canonical
HNRNPC_K562_IDR::chr7:139366938-139366988(+),CCAAAUGUUUGUCACACUUAUUGCCUUUAUUAUUAUUUAUUUUUAUUUUU,50,25.77691782848356,108.18734951831358,canonical
HNRNPC_K562_IDR::chr9:83664835-83664885(-),GUGUGGGGGCGCAGUUGUGGCUCACUGCAGCCUCGACCUCUCGGGCUCAA,50,0.658060421806227,-7.803418446410434,discrepant
HNRNPC_K562_IDR::chr19:18279976-18280026(-),CGAUUCUGCCCUAUUUAUGUUUCUACUCGGGAACAAACGUUGGUUGUGUG,50,3.1532606263869947,7.566740598953031,canonical
HNRNPC_K562_IDR::chr1:202804789-202804839(-),AGGCCUGGAGUGCAGUGGCUCAUCACAACCUCUGCCUCCCGACCUCAGGU,50,0.8216479071544764,-0.0872669869764382,discrepant
HNRNPC_K562_IDR::chr2:127745951-127746001(-),CCAGGCUGGCAUGCAAUGGUAUGAUCAUAGUUCACUGCAACCUUGAACUC,50,0.959125318908776,-4.232680405804033,discrepant
HNRNPC_K562_IDR::chr17:27309564-27309614(+),UCUUACUGUCUUAAAUCAUAAAAGAUUUUUUUUUUUUUUGACAGAGUCUU,50,25.77691782848356,265.85748326022883,canonical
HNRNPC_K562_IDR::chr1:32797328-32797378(-),UUUUUUUGAGACAAGUUCUCACUCUGUCGCCCAGGCCAGAGUGCAGUAAU,50,25.77691782848356,79.47003427333495,canonical
HNRNPC_K562_IDR::chr10:131980439-131980489(-),UAGGCCUGAGCCACCAGGCGCGCCUGGCCUAAAACCAUAUUCUUUAAAAU,50,2.103697267460648,12.140179849929888,intermediate
HNRNPC_K562_IDR::chr3:9999215-9999265(+),UAUUUAGUUUCGAUAAAGUCAAAUUUAUCUUUUUUUUUUUUUUUGGAGAU,50,25.77691782848356,301.0938072551083,canonical
HNRNPC_K562_IDR::chr10:21703982-21704032(+),UUCUGAAUACAUUUUGGAUUUCGAUUGUUUUUUGUUUUUUUUUUUUUUUU,50,25.77691782848356,384.4367689371613,canonical
HNRNPC_K562_IDR::chr2:151473260-151473310(+),ACGUCCUAGGAACACUUAAGAAAAUUGUAUCCUUUUUUUUUUUUUUUUUU,50,25.77691782848356,366.82537804753724,canonical
HNRNPC_K562_IDR::chr7:12396684-12396734(-),CUUGUUGGUCAGGCUGGUCUCCAACUCCUGGCCUCAGGUGAUCCACCUGC,50,1.373866568766526,-2.7324078582639113,discrepant
HNRNPC_K562_IDR::chr1:47217171-47217221(-),UUUUGGUAGAGAUGGAGUCUUGCUAUAUUGCCCAGGCUGGUCUUGAAGUC,50,3.1406869571460767,-0.03611998918916387,canonical
HNRNPC_K562_IDR::chr3:196076080-196076130(-),AGCCUGGGCUCUGUUGCCCAGGUUGGAAUGCAGUGUGCAAUCUUAGCUCA,50,1.1028672887165545,-3.9269936053262207,discrepant
HNRNPC_K562_IDR::chr14:23064889-23064939(-),UUCCCCAGUUCCCAAAUAUGAUUUCUUUUCUUUUUUUUUUUUUGAGACGG,50,25.77691782848356,267.4783747010509,canonical
HNRNPC_K562_IDR::chr14:23064804-23064854(-),UGGCACCAUCUUGGCUCACUGCAGCCUCCGCCUCCCGGGUUCAAGCAAUU,50,1.0909406084644624,5.854267285634825,discrepant
HNRNPC_K562_IDR::chr14:101765527-101765577(+),CAAUUUAAAUAGGCUUGACAUUCCCAUGCUGCUUUCAAGCCUUUUUUUUU,50,25.77691782848356,148.29415044538095,canonical
HNRNPC_K562_IDR::chr14:101765540-101765590(+),CUUGACAUUCCCAUGCUGCUUUCAAGCCUUUUUUUUUUUUUUUUUGAGAC,50,25.77691782848356,355.1261318588524,canonical
HNRNPC_K562_IDR::chr1:20774938-20774988(-),GAUGGAGUCUUACUCUGUCACCCAGGUUGGAGUGUGGAGUGCAGUGGCGC,50,2.411206872245301,-6.205531919454456,intermediate
HNRNPC_K562_IDR::chr10:74101343-74101393(+),GGUGUGGUGGCGCAUGCCUGUGAACACAGCUAUUUGUGAGGCUGAGGUGG,50,3.1532606263869947,-2.647954487201589,canonical
HNRNPC_K562_IDR::chr3:152327307-152327357(+),CCUGAGGAUGUAGAUAUGAGCCCUGCUUUUUUCUUUUCUUUCUUUCUUUU,50,25.77691782848356,100.98368113627666,canonical
HNRNPC_K562_IDR::chr22:22487381-22487431(-),CUCACUGUUACCCAGGCUGGAGUGCAGUGGCGUGAUCCUAGCUCACUGCA,50,1.3906437293420284,-3.834633021532205,discrepant
HNRNPC_K562_IDR::chr7:121078005-121078055(+),CUUCUUACUUUUUACUUCAUACUACUAUAUGAUUUGUAUUUUUUGUUUUG,50,25.77691782848356,120.4798555533597,canonical
HNRNPC_K562_IDR::chr1:246180689-246180739(-),UGCCCAGGCUUGGAGUGUGGUGGUGCGAUCUCAGCUCACUGCAAGCACUG,50,1.1028672887165545,-6.956339395873105,discrepant
HNRNPC_K562_IDR::chr11:3396281-3396331(+),CUACUCUAGACACUUGAUAGAUAAGUGGAAUCAUACCGUGUUUAAUUUUU,50,25.77691782848356,35.66111198779563,canonical
HNRNPC_K562_IDR::chr7:91981567-91981617(+),UCUUUAUAAUGCUCUAAUUUUUAUAUCUUGUAUUUCUUUUUUUUUUUUUU,50,25.77691782848356,322.38859750147674,canonical
HNRNPC_K562_IDR::chr16:23916201-23916251(+),UGCCACCACAUGUGGCUAAUUUUUUUUUUUUUUUUUUUUUUGAGACGAGG,50,25.77691782848356,477.586696731378,canonical
HNRNPC_K562_IDR::chr12:131997231-131997281(+),AAACAGUCGAUGAACACAUAUUUUAUGUGGUUUUUUUCUUUUUCUUUUUU,50,25.77691782848356,201.81252171830727,canonical
HNRNPC_K562_IDR::chr7:26208893-26208943(+),AGGCAUGAGCCACCACGCCUGGCCUUUUUUUUUUUUUUUUUUUUUUUUUU,50,25.77691782848356,578.3453215742859,canonical
HNRNPC_K562_IDR::chr9:131206105-131206155(+),AGGUAAAUUUACAUUAUUCCACAUAGAAUUUUUUUCUUUUUUCUUUUUUU,50,25.77691782848356,256.70707537522827,canonical
HNRNPC_K562_IDR::chr1:21756422-21756472(-),GUCUUCCUCUGUUUCCCAAGCCAGAGUGAAGUGGCGCCAUCUCGGUUCAC,50,1.8455970882387875,3.6968941249528036,intermediate
HNRNPC_K562_IDR::chr7:75465840-75465890(-),AGGGUGUCACUCUGUUGCCUGUGCUGGAGUGCAGUGGUGUGAGUAUAGCU,50,0.6650765718586997,-8.272522268071775,discrepant
HNRNPC_K562_IDR::chr3:160436736-160436786(-),UUGCUCUGUCGCCCAGGCUGGAGUGCAGUGGCGUGAUCUCGGCUCAUUGC,50,0.9429951473220992,-10.331682887668633,discrepant
HNRNPC_K562_IDR::chr3:196065947-196065997(-),UUUUUUUUGAGACAGGACUUGUGCUCUGUUGCCCAGGCUGGAGUGCAGUG,50,25.77691782848356,101.84314014677688,canonical
HNRNPC_K562_IDR::chrX:73852058-73852108(-),UUUAUUUUUCCUUGCCCAUCGGGGCCUCGGAUACCUGCUUUAAUUUUUGU,50,25.77691782848356,92.34834815881418,canonical
HNRNPC_K562_IDR::chr7:56080238-56080288(+),AAAUAUCAGAAGCUUCCUAUUCUUUUUUUUUUUUUUUUUUUUUUUGAGAC,50,25.77691782848356,505.0410817217981,canonical
HNRNPC_K562_IDR::chr7:56080226-56080276(+),CUCCAGAAAGACAAAUAUCAGAAGCUUCCUAUUCUUUUUUUUUUUUUUUU,50,25.77691782848356,319.93910300106165,canonical
HNRNPC_K562_IDR::chr12:54234137-54234187(-),UUUUUUUUUGAGAUGGAAACUUGCUCUUUUGCCCAGGCUGGAGUGCAGUG,50,25.77691782848356,142.81378372530762,canonical
HNRNPC_K562_IDR::chr1:32680325-32680375(+),CUGUGAAAUGGUGUUUUUUUUUUUGUUGUUGGUUUUUUUUUUUUUUUUUU,50,25.77691782848356,548.3994381635894,canonical
HNRNPC_K562_IDR::chr1:32680358-32680408(+),UUUUUUUUUUUUUUUUUUAACUUGGGACCACCAAGUUGUAAAGAUGUAUG,50,25.77691782848356,365.77194825142004,canonical
HNRNPC_K562_IDR::chr1:32680319-32680369(+),UCCUGUCUGUGAAAUGGUGUUUUUUUUUUUGUUGUUGGUUUUUUUUUUUU,50,25.77691782848356,392.49429038319033,canonical
HNRNPC_K562_IDR::chr1:28507563-28507613(+),AAACAGCCUUCUAGAGCACUGAAUCUGGAUUGAAGUCUUUUUUUUUUUUU,50,25.77691782848356,236.3970507971718,canonical
HNRNPC_K562_IDR::chr1:28507600-28507650(+),UUUUUUUUUUUUUUUUUUUUUGGAGAUGGAGUCGCUCUGUUGCCCAGGCU,50,25.77691782848356,437.06634005523483,canonical
HNRNPC_K562_IDR::chr19:28534120-28534170(-),UUUUUUAGACAGAGUCUUGCUCUGUCGGCCAGGCUGGAGUGCAGUGGUGC,50,25.77691782848356,47.66422992102259,canonical
HNRNPC_K562_IDR::chr6:36597060-36597110(+),UCACUGGCCAAUUGUAUCUUUAGAUACAAUUGGGAUCUUUUUUUUUUUUU,50,25.77691782848356,239.64463139750933,canonical
HNRNPC_K562_IDR::chr2:96886869-96886919(-),UUAAAAAUGAGCCAGGUUUGGUGUUAACACGACACGGUGGCAUACGCCUA,50,0.5022600494372547,-3.587155859120881,discrepant
HNRNPC_K562_IDR::chr3:9477678-9477728(+),AUUUUUUUUUUUUUUUUUUUUUUAAAUGCUGAGACCUCAGCAGAGUACUU,50,25.77691782848356,476.62453306163366,canonical
HNRNPC_K562_IDR::chr3:9477655-9477705(+),GGUGUUUGCUCAAAUGAGGGGAGAUUUUUUUUUUUUUUUUUUUUUUAAAU,50,25.77691782848356,477.00030775311063,canonical
HNRNPC_K562_IDR::chr3:9477645-9477695(+),AUCGAAAUCAGGUGUUUGCUCAAAUGAGGGGAGAUUUUUUUUUUUUUUUU,50,25.77691782848356,311.6690185529045,canonical
HNRNPC_K562_IDR::chr4:2502165-2502215(+),GCUCAUUAAAGCUGGAAAGUGGUGUCUGCAGAAGUUUUUUUGUUUUUUGU,50,25.77691782848356,139.01642326316923,canonical
HNRNPC_K562_IDR::chr17:82094734-82094784(-),ACGGAGUCUCACUCUGUCACCAGGUUGGAGUGCAGUGGCGCGAUCUCAGC,50,0.9246005142745328,-9.23058123821327,discrepant
HNRNPC_K562_IDR::chr17:82094759-82094809(-),UUUUAUUUAUUUAUUUAUUUUUAAGACGGAGUCUCACUCUGUCACCAGGU,50,25.77691782848356,73.39499750335581,canonical
HNRNPC_K562_IDR::chr17:82094779-82094829(-),CGCCGUUUUUUUAUUUUUAUUUUUAUUUAUUUAUUUAUUUUUAAGACGGA,50,25.77691782848356,244.03131940766372,canonical
HNRNPC_K562_IDR::chr1:171497426-171497476(+),GCUUUAAGCCCUUCUUAGUCCUAAUCUGGUUUUUAUUUUUAUUUUUAUUU,50,25.77691782848356,139.89612683032271,canonical
HNRNPC_K562_IDR::chr1:171497441-171497491(+),UAGUCCUAAUCUGGUUUUUAUUUUUAUUUUUAUUUAUUUAUUUUGAGACA,50,25.77691782848356,157.21225635281584,canonical
HNRNPC_K562_IDR::chr20:35727297-35727347(-),GGUAGGGUUUCUCUUUGUCACCCAGGCUAUAGUGCAGUGACGCAAUCAUG,50,2.411206872245301,3.7766771653203413,intermediate
HNRNPC_K562_IDR::chr11:14650172-14650222(+),ACAUUUCAUACAACUUGCAUUCAGCAAUGUUUUUUUUUUUUUUUUUUGAG,50,25.77691782848356,375.3005250745748,canonical
HNRNPC_K562_IDR::chr11:14650161-14650211(+),ACCUCUUCCUUACAUUUCAUACAACUUGCAUUCAGCAAUGUUUUUUUUUU,50,25.77691782848356,170.3833695605015,canonical
HNRNPC_K562_IDR::chr17:62048347-62048397(-),AAACAGUCUCACUCUGUCAGGCUGGAGUACAGUGGUGCAAUCUUGGCUCA,50,0.6039709800847445,-8.634502921855747,discrepant
HNRNPC_K562_IDR::chr12:22686822-22686872(+),AACAGAUAAAGAAUGUGUAAUACUCUUAAUUUUUUUUUUUUUUUUUUUUU,50,25.77691782848356,445.76019841688714,canonical
HNRNPC_K562_IDR::chr19:15237084-15237134(-),AUGAGGUGGGAACCGGGCCCUGGGGGCGCCACAGACUAAGGCAGAGACUC,50,0.7239603182129463,-7.2944763746167975,discrepant
HNRNPC_K562_IDR::chr1:203801810-203801860(+),GUUUUGAUUUUUUUUUUUUUUAAAUUCUUAAAUGGUAAAUAUGCCAUUGU,50,25.77691782848356,282.0021384896286,canonical
HNRNPC_K562_IDR::chrX:132060574-132060624(+),UUUGUUUGUUUUUUGGGUGGUUUUUUUUUUGUUUUGUUUUUUUGUUUUGC,50,25.77691782848356,326.84191569201636,canonical
HNRNPC_K562_IDR::chr21:37389884-37389934(+),UGCUCACUUCUGUAGUAUUUACUUAUGUAUUUUGUUUUUUGUUUUUUUUU,50,25.77691782848356,214.51829293851208,canonical
HNRNPC_K562_IDR::chr2:69940028-69940078(+),UUGGAAGUAGUGGAUUCCUAAAUGAUUCCAAAGUCACCUGUAAUUCUUCU,50,1.7517158866117546,2.006370009935143,intermediate
HNRNPC_K562_IDR::chr19:12942558-12942608(+),GAACCUGGGCAGUACAGCACCUGAGUCUCUCCAUCUUUUUUUUUUUUUUU,50,25.77691782848356,294.2938871213975,canonical
HNRNPC_K562_IDR::chr1:109215662-109215712(+),AAAAAACUUAAUCCUAAAUGUGAAGUCAUUUCUUUUCUUUGUUUUGUUUU,50,5.219350226861187,37.57462260119551,canonical
HNRNPC_K562_IDR::chr17:82468319-82468369(+),UUUUACUGUAGCCUGGGCAACAAGGGUGAAACUCUUUUUUUUUUGAGACA,50,25.77691782848356,168.97812109932914,canonical
HNRNPC_K562_IDR::chr11:63691080-63691130(+),UUUCCUUAUUCUUGAGAUUUAAUAUUGCUAAUUCUUUUUUUUUUUUUUUU,50,25.77691782848356,333.4321435951003,canonical
HNRNPC_K562_IDR::chr8:23534076-23534126(+),UAGCUGGGACUACAGGCACAUGCCACCAUGCCUGGCUAAUUUUUUUGUAU,50,25.77691782848356,92.21108382726578,canonical
HNRNPC_K562_IDR::chr8:129494245-129494295(-),GUGACCCUCCUUCUCCGCCUCCCAAAGUGCUGGGAUUACAGGUGUGAGCC,50,1.0747852546716334,2.4530597310285223,discrepant
HNRNPC_K562_IDR::chr1:28508147-28508197(+),UAACUCUUAUUUGGUGAGUAAAUCUGCUAAUUGUUUUUUGCUUAUCAGCU,50,25.77691782848356,65.93245797917031,canonical
HNRNPC_K562_IDR::chr6:109367815-109367865(-),UUUCCACCAGACUGUCUUGAGUAGUGACUUCUUUGGUGAGGCAAGAAGGA,50,2.103697267460648,2.094348889858731,intermediate
HNRNPC_K562_IDR::chr6:43628318-43628368(-),UUUUUUUGAGACGGAGUCUCUGUUACCCAGGCUGGAGUGCUGUAGGGCUA,50,25.77691782848356,73.71858497822207,canonical
HNRNPC_K562_IDR::chr10:68580280-68580330(+),CAGUAUGAACCAAUGCAUUUUUAUUAUAUUCAAUUUUUUUUUUUUUUUUU,50,25.77691782848356,391.0759607344684,canonical
HNRNPC_K562_IDR::chr12:102121514-102121564(+),CUCUUGGUUUUCUGUCACCAUAGUAAUGCUCUUUUUUUUUUUUUUUUUUU,50,25.77691782848356,404.1803391587588,canonical
HNRNPC_K562_IDR::chr1:24672618-24672668(+),UUUGUUUUUUUGGUUUUGAUUUUCUUUUUGUUUUUCUUUCUUCUUCUUAU,50,25.77691782848356,195.7560694164682,canonical
HNRNPC_K562_IDR::chr1:24672630-24672680(+),GUUUUGAUUUUCUUUUUGUUUUUCUUUCUUCUUCUUAUUUUUUUCAUUUG,50,25.77691782848356,207.28955663879736,canonical
HNRNPC_K562_IDR::chr11:2991247-2991297(-),GCGAAGGAUGGCCUGGUCAUGAUAAGACUUUCCACCGUCCACAGUUCUCU,50,1.8455970882387875,-0.8942191605571179,intermediate
HNRNPC_K562_IDR::chr6:7286875-7286925(-),UUUUUUUUUGCCCCCUGAGACGGAGUCUCUGUGUCACCCAGGCUGGAGUG,50,25.77691782848356,135.28237280438944,canonical
HNRNPC_K562_IDR::chr5:149495716-149495766(-),UUCUUUUUUUUUUUUUUUUUUUAUGACUUGCAGGCACAAUAUCUAGUACU,50,25.77691782848356,401.36442031372025,canonical
HNRNPC_K562_IDR::chr5:149495710-149495760(-),UUUUUUUUUUUUUUUUAUGACUUGCAGGCACAAUAUCUAGUACUGCAACU,50,25.77691782848356,314.4661166044835,canonical
HNRNPC_K562_IDR::chr5:149495701-149495751(-),UUUUUUUAUGACUUGCAGGCACAAUAUCUAGUACUGCAACUGCCAGAACU,50,25.77691782848356,82.38463637300434,canonical
HNRNPC_K562_IDR::chr1:11024235-11024285(+),GACUUAAUUGGUAUUUGUUCUUGCAUUGGCCAAAGUGAAAAUUUUUUUUU,50,25.77691782848356,143.14642710892466,canonical
HNRNPC_K562_IDR::chr6:4799410-4799460(+),AACUACAGUUGGUAUGGUCACAUAGGUCUCCCAUUUUUUUUUUAUUUUUU,50,25.77691782848356,229.37191263419518,canonical
HNRNPC_K562_IDR::chr1:28506726-28506776(+),CAUUUGCCUUUAAGAAUUUUCUCAAUUUUUCUUUUUAUUUGAUCGCACCA,50,25.77691782848356,113.82647261433956,canonical
HNRNPC_K562_IDR::chr1:1563481-1563531(-),GAGUCAGAGUCUCACCCUGUUGCCCAAGGUGGAGUGUAGCGGCUUGAUCU,50,2.411206872245301,-2.8876697188397875,intermediate
HNRNPC_K562_IDR::chr3:179370357-179370407(+),UAAAUAUCAUUUUUGGGGUUUCAUUCACUAAGUUCUUUUUUUUUUUUUUU,50,25.77691782848356,332.51503864053285,canonical
HNRNPC_K562_IDR::chr17:47147832-47147882(-),GUCACCCAGGCUGGAGUGCAGUGAUGCUACUAUGGCUCACUGUAGCCUCA,50,2.411206872245301,-1.8809238587427812,intermediate
HNRNPC_K562_IDR::chr7:129053266-129053316(-),UGGCUCUGUUGCCCAGGCUGGAGGAGUGCAGUGGUGCUAUCUCGGCACAC,50,1.1028672887165545,-6.997700200931193,discrepant
HNRNPC_K562_IDR::chr19:32712341-32712391(+),GCUGGGAUUACAGGUGUGGGCCACCACACCCAGCCUUUUUUUUUUUUUUU,50,25.77691782848356,297.6774787542542,canonical
HNRNPC_K562_IDR::chr11:86061266-86061316(-),CUCUGUCUCCCGGGCUGGAGUGCAAUGGGGCCAUCUCAUCUCACUGUAAG,50,0.3450068574825962,-7.057019793161147,discrepant
HNRNPC_K562_IDR::chr1:162524842-162524892(+),GGGAAUAAUUGAUGAGCCUUGAAUUAACCAUGCAUUUAAUUAGAUUUUUU,50,25.77691782848356,66.84115595106854,canonical
HNRNPC_K562_IDR::chr22:19493383-19493433(+),UAACUGCUCUGCCUUCACCUCUACCUUUCAGAGUCUUACUUUGUUUUUUU,50,25.77691782848356,96.86933868565501,canonical
HNRNPC_K562_IDR::chr22:23266054-23266104(+),ACUUUGCUUGUCUUCCAUGACCUUGACUUUUUUUUUUUCUUUUUCCUUGA,50,25.77691782848356,244.27597616298604,canonical
HNRNPC_K562_IDR::chr1:213187218-213187268(+),UUUCUUUUUUUUAAAUUUUUUUCUUCUUCUUCUUUUUUUUUUUUUUUUGA,50,25.77691782848356,543.7245843571604,canonical
HNRNPC_K562_IDR::chr14:102619441-102619491(+),UCUGUCUGUCUAUCUAUCUAUUCUAUCUAAUCUUUUUUUUUUUUUUUUUU,50,25.77691782848356,368.3542537070803,canonical
HNRNPC_K562_IDR::chr15:82539658-82539708(-),CUUUUUUUUCUUUUUUUUUUGAGACGGAAUCUUGCCCUGGCGCCCAGGCU,50,25.77691782848356,284.2323289050381,canonical
HNRNPC_K562_IDR::chr15:82539642-82539692(-),UUUUGAGACGGAAUCUUGCCCUGGCGCCCAGGCUAGAGUGCAGUGGCGCC,50,3.1406869571460767,2.333233108693915,canonical
HNRNPC_K562_IDR::chr1:155314148-155314198(+),AGCACCCUAGUUUCACCUGUAAGUUUUUAAAAAUUUUUAAUUUUUUUUUU,50,25.77691782848356,252.60563977380582,canonical
HNRNPC_K562_IDR::chr1:52881871-52881921(+),UUUUUUUAAAACUAUUUACUUUAUUGAUGUUUCUUUUUUUUUUUUUGAGA,50,25.77691782848356,346.282026769834,canonical
HNRNPC_K562_IDR::chr1:52881860-52881910(+),CAUCAGCUUUUUUUUUUUAAAACUAUUUACUUUAUUGAUGUUUCUUUUUU,50,25.77691782848356,271.02919555368396,canonical
HNRNPC_K562_IDR::chr7:111201602-111201652(-),CCCCUGUCUCCCAGGCUCAAGCGAUCUUCCCACCUCACUUACUGAGUAGC,50,1.373866568766526,5.340188043786202,discrepant
HNRNPC_K562_IDR::chr12:122593225-122593275(+),AGAGGGGACGUAAAUGGCCUUUAUUUUUCUUUCUUUUUUUCUUUUUUUUU,50,25.77691782848356,281.9837051147255,canonical
HNRNPC_K562_IDR::chr6:149726351-149726401(-),UUUUUGAGGCAGAGUCUUGCUCUGCUGGAGUGCGGUGGUGCAAUCUCGGC,50,25.77691782848356,20.163042831922795,canonical
HNRNPC_K562_IDR::chr8:26411256-26411306(+),UGAAUUUUUCAUGACCUUCUUUACAUUUUUUAUUUUUUAUUUCUUUAUUU,50,25.77691782848356,208.2757712525095,canonical
HNRNPC_K562_IDR::chr6:161059097-161059147(+),UUAUAACCAUGAUCAGCAAAAAAUGUUAUUUCAUUGAUUGAUUGAUUUUU,50,25.77691782848356,37.646682452645535,canonical
HNRNPC_K562_IDR::chr4:55415829-55415879(+),UUAAAGAGUAAUUGUAUUUUUCUUUCUUUCUUUUUUUUUUUCUGAGAUGG,50,25.77691782848356,249.05684318312882,canonical
HNRNPC_K562_IDR::chr13:106559116-106559166(-),UUGCCAUGGCUGCAGGACUUACAUUCUUUUUUGGGAGGACGGUGGGGAGA,50,25.77691782848356,57.57989018330903,canonical
HNRNPC_K562_IDR::chr17:58002971-58003021(-),UUUUGUUUUUGAGACAGAGUCUCGCUCUGUUCUCCAGACUGGAGGGCAGU,50,25.77691782848356,31.665337049200893,canonical
HNRNPC_K562_IDR::chr1:28505993-28506043(+),UUCCGGGCACUUCGUAAGGUUUAAAAAGGAUGCUUCGCGUUUUCUCUCUC,50,4.306781943586692,5.414072636635855,canonical
HNRNPC_K562_IDR::chr11:65412953-65413003(+),CAGGCUGUCCCUGCUGCUUUGAUUCCAGGUGAUUUUAUUUUUUUUAUUUU,50,25.77691782848356,151.0220962217742,canonical
HNRNPC_K562_IDR::chr7:75526309-75526359(-),UCUCACCCAGUCUGGAGUGCAACAGCGUGGUCUCCGCUCACUGCAACCUC,50,2.411206872245301,0.19465749635789475,intermediate
HNRNPC_K562_IDR::chr12:93386896-93386946(+),GGCCUCUGGAAAACAAUACUGAAUGAACUCUGAUUUUUUUUUAUUAUUAU,50,25.77691782848356,145.13022125969445,canonical
HNRNPC_K562_IDR::chr6:24719111-24719161(-),UUUUUUGGAAAGCAAGGAUCACACUUCCCCCUCCCUGUUCCUUAAUCCCU,50,25.77691782848356,63.39689457231365,canonical
HNRNPC_K562_IDR::chr6:24719054-24719104(-),AAAGGGGGGAAAAUCCGGAUGGAUUUUAGGGAUUGGUCUGGUGUCAGCUG,50,6.508407988848709,-0.5073836693012261,canonical
HNRNPC_K562_IDR::chr10:101788383-101788433(-),UUUUUUUUUUUUCCCCGCCCAGGCUGGAGUGCGGUGGCAGGAUCUCAGCC,50,25.77691782848356,209.88279310902018,canonical
HNRNPC_K562_IDR::chrX:24074827-24074877(+),UUUUGACAUGUACUCAUCAUUUUUUUUUCUUCUUCUUUUUUUUUUUUUUU,50,25.77691782848356,444.5391132405819,canonical
HNRNPC_K562_IDR::chr16:11841343-11841393(-),CUCUGUCCCCCAGGCUGGAGCACAGUGACGUGAUCAAGGCUCACGGCAGC,50,1.5230788885876072,-8.173426412678518,intermediate
HNRNPC_K562_IDR::chr4:55397879-55397929(+),UGUGCUGACACGCCCGGCUAAUUUUUGUUUAUUUUUUUUUUUUUUGAGAG,50,25.77691782848356,317.47161097161904,canonical
HNRNPC_K562_IDR::chr4:55397867-55397917(+),GGACUGCAUGCGUGUGCUGACACGCCCGGCUAAUUUUUGUUUAUUUUUUU,50,25.77691782848356,130.1305970698355,canonical
HNRNPC_K562_IDR::chr1:28509197-28509247(+),UCUUUCACCUCAUUCAUACUUUAAGAACCACAGAAGUGACUCUGCUUGGC,50,2.103697267460648,12.044894256036693,intermediate
HNRNPC_K562_IDR::chr17:30709571-30709621(+),GUGUAAUCCGCCUCUUUUUUUCUAUUUUCUUUUUUUUUUUUUUUUUUUUU,50,25.77691782848356,557.9697767700078,canonical
HNRNPC_K562_IDR::chr15:41349727-41349777(+),UUUUUACAAAGCACAGUCUUUUUUUUCUUUUUUCUUUUCUUUUUUUUUUU,50,25.77691782848356,420.8385234956575,canonical
HNRNPC_K562_IDR::chr7:105079481-105079531(+),GCUCCUUAUAAGAGGAAAUAUUGGACUUCCUUUUUUUUUUUUUUUUUUUU,50,25.77691782848356,420.4246810568501,canonical
HNRNPC_K562_IDR::chr6:31746703-31746753(+),GCCUCCCAAAGUGCUGGGAUUAUAGGCAUGAGCCACCCUGCCCGGCCAGC,50,2.411206872245301,6.228689886350614,intermediate
HNRNPC_K562_IDR::chr9:133259536-133259586(-),UUGUGUGUGUGUGUGUGUGAUGGAGUCUCGCUCUGUCGCCCAGGCUGGAG,50,0.9429951473220992,-12.183206532079241,discrepant
HNRNPC_K562_IDR::chr6:35351829-35351879(+),GGGAUUAUAGGCAUGAGCCACCACACCCAGCCUUUUUUUUUUUUUUUUUU,50,25.77691782848356,378.50365908105425,canonical
HNRNPC_K562_IDR::chr7:151517328-151517378(-),UUUUUUUUCCGAGACGGAGUUUCGCUCUUGUGACCCAGGCUGGAGUGCAA,50,25.77691782848356,106.54355001826434,canonical
HNRNPC_K562_IDR::chr20:49284585-49284635(+),AGUUUCUUUUUUUCUUUCUUUUUUUUUUUUGAGUUGGAGUCUCUGUCACC,50,25.77691782848356,318.1662272606488,canonical
HNRNPC_K562_IDR::chr20:49284558-49284608(+),AACUUUGUAUGGAUUGGAGUGACUUGAAGUUUCUUUUUUUCUUUCUUUUU,50,25.77691782848356,134.61262491248095,canonical
HNRNPC_K562_IDR::chr7:118185230-118185280(+),CAAAAACAGAAGCUUUUUUUAAGUUUUUUUUUUUUUUUCUUUUUUUGAGU,50,25.77691782848356,472.74284707655664,canonical
HNRNPC_K562_IDR::chr1:28580222-28580272(-),AGUGCAGUGGCAUGAUCUCGGCUCAUGGCAACCUCUGCCUCCUGGGUUCA,50,0.5902447406391829,-4.870371349281161,discrepant
HNRNPC_K562_IDR::chr1:28580301-28580351(-),GUGUCAACUUCAAUGUAGAUGGGUUUUUUUUUUUUUUUUUUUUUGAGACG,50,25.77691782848356,439.85585438857663,canonical
HNRNPC_K562_IDR::chrX:71543751-71543801(+),GUGUGUGUGUGUGUGUAUAUAUAUAUAUAUAUAUAUAUAUAUUUCCUUUU,50,5.219350226861187,13.898320125558168,canonical
HNRNPC_K562_IDR::chr7:155771704-155771754(+),AUGAUAUUUUCUUUUUUCUUAUUUUAUUUUAUUUUUUAUUUUUGGGAGAC,50,25.77691782848356,235.25048364305553,canonical
HNRNPC_K562_IDR::chr20:38070700-38070750(+),AAGGUCAGGAACCUGCAGUUUUCCCUUCUUAACUGUGAUUUUUUUUUUUU,50,25.77691782848356,224.57644768285545,canonical
HNRNPC_K562_IDR::chr19:47159526-47159576(+),CAACCCUGGAGAUUAUUUUCUUCCUUUUUUUUUUUUUUUCUUUGAAGCAG,50,25.77691782848356,325.4618513740886,canonical
HNRNPC_K562_IDR::chr18:9123442-9123492(+),UUUUGGCUGUAUUUCUACAGCACAAUAUAUAUGUCUGCCUCAUUUUUUUU,50,25.77691782848356,121.32047633656548,canonical
HNRNPC_K562_IDR::chr9:131141440-131141490(+),UUUUUACAGUGACAUUUGUAUCACUUGUGAAAAGAAACUUUUUUUUUUUU,50,25.77691782848356,247.2811276646993,canonical
HNRNPC_K562_IDR::chr17:81564403-81564453(-),GGGUCUCACUCUAUUGCCGAGGCUGGAGUGCAGUUGCACAAUCGUAACUC,50,0.8049637270324578,-5.463081061292675,discrepant
HNRNPC_K562_IDR::chr11:86039958-86040008(-),UUUUUGAGACGGCGUCAUGCUCUGUCGCCCAGGCUGGAGUGCAAUGGCGC,50,25.77691782848356,19.4528891216972,canonical
HNRNPC_K562_IDR::chr11:2963058-2963108(-),UUUUUUUUUUGAGACCGAGUCUCACUGUGUCACCAGGCUGGAGUGCAGUG,50,25.77691782848356,153.11641894953019,canonical
HNRNPC_K562_IDR::chr4:55404006-55404056(+),GUUUUCUUUCCUUCCUUCCUUCCUUCCUUCUUUCUUUCCUUUUUUUUUUU,50,25.77691782848356,230.1629457793023,canonical
HNRNPC_K562_IDR::chr16:21511224-21511274(-),AGGCUGGAGUGCAGUGGCGUGAUCUCAGUUCACUGCAACCUCCGCCUCCU,50,0.6424842587548912,-4.00305355336884,discrepant
HNRNPC_K562_IDR::chr19:973066-973116(+),UGCUUGUCUGCUGGGCUCUCGAGUCAGGGGCCUGGAAAUUUUUUUUUUUU,50,25.77691782848356,207.20186057441987,canonical
HNRNPC_K562_IDR::chr3:196932697-196932747(+),UUUUCAAAACAUGCCAGAAAUUUGCCUCUGAUUUUUUUUUUUUUUUUUUU,50,25.77691782848356,404.94284473848137,canonical
HNRNPC_K562_IDR::chr3:196932717-196932767(+),UUUGCCUCUGAUUUUUUUUUUUUUUUUUUUUUUUUUUUUGUGGGGGUGUG,50,25.77691782848356,628.9498810813975,canonical
HNRNPC_K562_IDR::chr7:119739654-119739704(-),AGUCUUGCUCUUGUCACCCAGGCUGAAGUGUAGUGGCAUGAUCUCAGCUC,50,2.411206872245301,-2.5307797448840565,intermediate
HNRNPC_K562_IDR::chr16:70408815-70408865(-),AAGAGGCUGUUAGGGUGCAGCCUCGAUCUUUGUCCAGAGAAGACUGACAG,50,2.103697267460648,-3.883529117508055,intermediate
HNRNPC_K562_IDR::chr3:196074985-196075035(-),CUUACUCUCUUGCCUAGGCUAGAGUGCAGUGGCACCAUGUUGGCUCACUG,50,1.0909406084644624,1.0034499080804418,discrepant
HNRNPC_K562_IDR::chr22:19119689-19119739(-),UUUUGAGACAGAGUCCUGCUCUGUUGCUCAGGCUGGAGUGCAGUAGCGUG,50,3.1406869571460767,-4.218874745554453,canonical
HNRNPC_K562_IDR::chr2:61507528-61507578(-),UUUUUAAAGAGACAGAGAUCCCCUCUGUUGCCCAGGCUGAAGUGCAGUGA,50,25.77691782848356,31.79252656119579,canonical
HNRNPC_K562_IDR::chr4:39458888-39458938(-),AGUACGUAAUGACGACAGACGUUCUUUCUUUGCUGCGUCUACUGCGAGGU,50,2.1325773837313062,1.0647395236685835,intermediate
HNRNPC_K562_IDR::chr4:39458897-39458947(-),CGCGAUACAAGUACGUAAUGACGACAGACGUUCUUUCUUUGCUGCGUCUA,50,2.1325773837313062,0.5957306195535095,intermediate
HNRNPC_K562_IDR::chr9:130745039-130745089(+),AGGUAGAGUGGUGAGAAGGGUGUUAUCCCUUCCUGGGAACCUUUUUUUUU,50,25.77691782848356,135.7838745028116,canonical
HNRNPC_K562_IDR::chr9:130745074-130745124(+),GGAACCUUUUUUUUUUUUUUUUUGAGGGGGGCAGAGUUUUGCUCUUGUUG,50,25.77691782848356,353.9711906526442,canonical
HNRNPC_K562_IDR::chr1:54389647-54389697(-),UUUGGUAGAGACAGGGUUUGCCAUGUUGCCCAGGCUGGUCUCAAACUCCU,50,1.1492567866339003,-1.768866915552424,discrepant
HNRNPC_K562_IDR::chr1:54389678-54389728(-),ACUUUUCUGUUUUUUUAUUUUUUUAUUUUUUUUUGGUAGAGACAGGGUUU,50,25.77691782848356,339.71436406055483,canonical
HNRNPC_K562_IDR::chr7:150331452-150331502(+),AAAGGGUCAGUUUCUCACUUGACAGAUUGCCAUAUUUUUUUUUCUGGGAG,50,25.77691782848356,147.2907480074238,canonical
HNRNPC_K562_IDR::chr7:87180820-87180870(+),UAAAAAAAAAUAAAAAUAGAAGCAUUUAUUUUCAACUUUUUUUUUUUUUU,50,25.77691782848356,286.0374630515314,canonical
HNRNPC_K562_IDR::chr2:74154121-74154171(-),ACCCAGGCUGGAGUACAGUGGUGGGAUCUCGGCUCACUGCAAGCUCUGCC,50,0.999075920422362,-9.33020010865737,discrepant
HNRNPC_K562_IDR::chr10:102449779-102449829(+),GGUGGGACUACAGUAGUGUAUCAGCACACCCGGCUAUUUUUUUUUUUUUU,50,25.77691782848356,267.5834484247661,canonical
HNRNPC_K562_IDR::chr1:207776531-207776581(+),AAGACAUAUCUAAAAAAAUGUUAAGAAUUUUUAAAUGAUGGGUGAAAAAU,50,25.77691782848356,35.79773320454077,canonical
HNRNPC_K562_IDR::chr10:21695040-21695090(+),UUUCACUGACUUUCUACCUUCUUUUUUUUUUUUUUUUUUUUGUUUGGAGA,50,25.77691782848356,435.56528298511853,canonical
HNRNPC_K562_IDR::chrX:48913646-48913696(-),UUUUAGUAAAGGGACCCUUUCCCCUAGCCUAGGGUCCCAUAUUGGGUCAA,50,5.400142970289521,12.94832720975639,canonical
HNRNPC_K562_IDR::chr4:1724355-1724405(+),UACUUGGAUAACUUCAUACUUCACUUUUUUUUUUUUUUUUUUUUUUUUUU,50,25.77691782848356,576.7337766061318,canonical
HNRNPC_K562_IDR::chr14:21267040-21267090(-),GGAGUCUCGCUCUGUCGCCCUAGGCUGGAGUGCAUGUCGUGGCACAAUCU,50,0.9429951473220992,-10.004817851817075,discrepant
HNRNPC_K562_IDR::chr17:58004645-58004695(-),UUAAUAGGGACUAAUGUGGGAAGAACUGGCUAAUUUGUCACAGUGCUUAG,50,2.0621950546295498,-5.309754356404928,intermediate
HNRNPC_K562_IDR::chr22:38484022-38484072(-),UUUAAACAUAGAGGUACCACCACAAGGGAUGCCCUACUCUCUCGCAGCUC,50,1.4567780139752384,5.378335211920762,discrepant
HNRNPC_K562_IDR::chr2:28947834-28947884(+),ACAAAAGCCUUUGCAAAUUAUCAGUAGUAGUUUUUUUUUUUUUUUUUUUU,50,25.77691782848356,418.4835339407449,canonical
HNRNPC_K562_IDR::chr5:151804340-151804390(+),AAAAAAGACUGAAUUUCCUUGCUUACUUUGCAUAUACAGACUGGAUUUUU,50,25.77691782848356,40.28640914961035,canonical
